id,full_name,neo,pha,moid,e,a,q,i,diameter,albedo,class,H,spectral_class
a0000433,   433 Eros (A898 PA),Y,N,0.148,0.2228,1.458,1.1331575999999999,10.83,16.84,0.25,NEO,10.39,S
a0000887,   887 Alinda (A918 AA),Y,N,0.0797,0.5712,2.474,1.0608511999999999,9.4,4.2,0.31,NEO,13.82,S
a0001036,  1036 Ganymed (A924 UB),Y,N,0.343,0.5332,2.665,1.244022,26.68,37.675,0.238,NEO,9.17,S
a0001566,  1566 Icarus (1949 MA),Y,Y,0.0335,0.827,1.078,0.18649400000000005,22.8,1.0,0.51,NEO,16.53,M
a0001580,  1580 Betulia (1950 KA),Y,N,0.132,0.4876,2.195,1.1247179999999999,52.19,5.8,0.08,NEO,14.54,C
a0001620,  1620 Geographos (1951 RA),Y,Y,0.0294,0.3355,1.246,0.827967,13.34,2.56,0.29,NEO,15.26,S
a0001627,  1627 Ivar (1929 SH),Y,N,0.109,0.3973,1.863,1.1228301,8.46,9.12,0.15,NEO,12.79,C
a0001685,  1685 Toro (1948 OA),Y,N,0.0511,0.436,1.368,0.7715520000000001,9.38,3.4,0.31,NEO,14.28,S
a0001862,  1862 Apollo (1932 HA),Y,Y,0.026,0.5599,1.471,0.6473871000000001,6.35,1.5,0.25,NEO,16.09,S
a0001863,  1863 Antinous (1948 EA),Y,N,0.187,0.6063,2.26,0.889762,18.38,2.1,0.24,NEO,15.35,S
a0001864,  1864 Daedalus (1971 FA),Y,N,0.269,0.6144,1.461,0.5633616000000001,22.22,3.7,0.273,NEO,14.83,S
a0001865,  1865 Cerberus (1971 UA),Y,N,0.157,0.4669,1.08,0.575748,16.1,1.2,0.22,NEO,16.77,S
a0001866,  1866 Sisyphus (1972 XA),Y,N,0.104,0.5381,1.893,0.8743767,41.21,8.48,0.15,NEO,12.48,C
a0001915,  1915 Quetzalcoatl (1953 EA),Y,N,0.109,0.5702,2.545,1.0938409999999998,20.4,0.5,0.21,NEO,18.38,S
a0001917,  1917 Cuyo (1968 AA),Y,N,0.0717,0.5055,2.149,1.0626805000000001,23.96,5.7,0.195,NEO,14.38,S
a0001943,  1943 Anteros (1973 EC),Y,N,0.0609,0.2559,1.431,1.0648071000000001,8.71,2.3,0.17,NEO,15.68,S
a0001980,  1980 Tezcatlipoca (1950 LA),Y,N,0.245,0.3647,1.709,1.0857277,26.87,4.3,0.25,NEO,13.8,S
a0002062,  2062 Aten (1976 AA),Y,N,0.113,0.1829,0.967,0.7901356999999999,18.94,1.1,0.26,NEO,17.11,S
a0002063,  2063 Bacchus (1977 HB),Y,N,0.0667,0.3494,1.078,0.7013468000000002,9.43,1.024,0.203,NEO,17.21,S
a0002100,  2100 Ra-Shalom (1978 RA),Y,N,0.15,0.4365,0.832,0.46883199999999997,15.76,2.3,0.13,NEO,16.24,C
a0002102,  2102 Tantalus (1975 YA),Y,Y,0.0426,0.2994,1.29,0.9037740000000001,64.01,1.649,0.245,NEO,16.0,S
a0002201,  2201 Oljato (1947 XC),Y,Y,0.00278,0.7107,2.179,0.6303846999999999,2.52,1.8,0.4328,NEO,15.32,M
a0002212,  2212 Hephaistos (1978 SB),Y,N,0.112,0.8347,2.168,0.35837040000000003,11.2,5.7,0.163,NEO,13.45,S
a0002368,  2368 Beltrovata (1977 RA),Y,N,0.231,0.4134,2.105,1.234793,5.22,2.3,0.27,NEO,15.18,S
a0002608,  2608 Seneca (1978 DA),Y,N,0.153,0.5647,2.53,1.1013089999999999,14.43,0.9,0.21,NEO,17.48,S
a0003103,  3103 Eger (1982 BB),Y,N,0.0786,0.3542,1.404,0.9067031999999998,20.93,1.5,0.64,NEO,15.3,M
a0003122,  3122 Florence (1981 ET3),Y,Y,0.0436,0.4232,1.769,1.0203592,22.14,4.9,0.231,NEO,14.08,S
a0003199,  3199 Nefertiti (1982 RA),Y,N,0.215,0.2841,1.575,1.1275425,32.96,2.2,0.42,NEO,14.99,M
a0003200,  3200 Phaethon (1983 TB),Y,Y,0.0187,0.8897,1.271,0.14019129999999994,22.31,6.25,0.1066,NEO,14.38,C
a0003288,  3288 Seleucus (1982 DV),Y,N,0.105,0.4545,2.034,1.1095469999999998,5.93,2.8,0.22,NEO,15.34,S
a0003360,  3360 Syrinx (1981 VA),Y,N,0.11,0.7474,2.466,0.6229116000000001,21.07,1.8,0.17,NEO,16.03,S
a0003361,  3361 Orpheus (1982 HR),Y,Y,0.0146,0.3232,1.21,0.8189280000000001,2.65,0.3,0.357,NEO,19.5,M
a0003362,  3362 Khufu (1984 QA),Y,Y,0.013,0.4685,0.9895,0.52591925,9.92,0.7,0.21,NEO,18.52,S
a0003551,  3551 Verenia (1983 RD),Y,N,0.0749,0.4868,2.093,1.0741276,9.51,0.9,0.37,NEO,16.72,M
a0003552,  3552 Don Quixote (1983 SA),Y,N,0.342,0.7073,4.27,1.2498289999999996,31.05,19.0,0.03,NEO,13.03,C
a0003554,  3554 Amun (1986 EB),Y,N,0.25,0.2806,0.974,0.7006956,23.36,3.341,0.074,NEO,15.91,C
a0003671,  3671 Dionysus (1984 KD),Y,Y,0.015,0.5438,2.197,1.0022714000000001,13.53,1.5,0.16,NEO,16.5,S
a0003691,  3691 Bede (1982 FT),Y,N,0.35,0.2845,1.774,1.2692970000000001,20.35,4.3,0.515,NEO,14.93,M
a0003752,  3752 Camillo (1985 PA),Y,N,0.0778,0.3015,1.414,0.987679,55.56,2.306,0.21,NEO,15.14,S
a0003753,  3753 Cruithne (1986 TO),Y,N,0.0703,0.5149,0.9978,0.48403278,19.8,2.071,0.365,NEO,15.42,M
a0003757,  3757 Anagolay (1982 XB),Y,Y,0.0366,0.4459,1.835,1.0167735,3.87,0.5,0.18,NEO,19.01,S
a0003908,  3908 Nyx (1980 PA),Y,N,0.0567,0.459,1.928,1.0430479999999998,2.19,1.0,0.23,NEO,17.45,S
a0004015,  4015 Wilson-Harrington (1979 VA),Y,Y,0.043,0.6309,2.626,0.9692565999999999,2.8,4.0,0.05,NEO,16.19,C
a0004034,  4034 Vishnu (1986 PA),Y,Y,0.0191,0.444,1.059,0.588804,11.17,0.42,0.52,NEO,18.5,M
a0004055,  4055 Magellan (1985 DO2),Y,N,0.239,0.326,1.82,1.22668,23.25,2.49,0.31,NEO,14.9,S
a0004179,  4179 Toutatis (1989 AC),Y,Y,0.00651,0.6247,2.543,0.9543879,0.45,5.4,0.405,NEO,15.29,M
a0004183,  4183 Cuno (1959 LM),Y,Y,0.0284,0.6362,1.981,0.7206878000000001,6.67,3.651,0.097,NEO,14.18,C
a0004197,  4197 Morpheus (1982 TA),Y,N,0.0985,0.7725,2.295,0.5221125000000001,12.6,1.8,0.37,NEO,14.97,M
a0004341,  4341 Poseidon (1987 KF),Y,N,0.194,0.6801,1.834,0.5866965999999999,11.84,3.177,0.054,NEO,16.08,C
a0004401,  4401 Aditi (1985 TB),Y,N,0.335,0.5634,2.584,1.1281744,26.62,1.801,0.343,NEO,16.12,M
a0004486,  4486 Mithra (1987 SB),Y,Y,0.0459,0.66,2.206,0.7500399999999999,3.03,1.849,0.297,NEO,15.62,S
a0004660,  4660 Nereus (1982 DB),Y,Y,0.00416,0.3588,1.485,0.9521820000000001,1.45,0.33,0.55,NEO,18.75,M
a0004688,  4688 (1980 WF),Y,N,0.108,0.5179,2.233,1.0765293,6.37,0.6,0.18,NEO,19.6,S
a0004769,  4769 Castalia (1989 PB),Y,Y,0.0203,0.4832,1.063,0.5493583999999999,8.89,1.4,0.092,NEO,17.4,C
a0004954,  4954 Eric (1990 SQ),Y,N,0.194,0.4494,2.001,1.1017506,17.43,10.8,0.176,NEO,12.55,S
a0004957,  4957 Brucemurray (1990 XJ),Y,N,0.425,0.2188,1.565,1.222578,35.01,3.499,0.132,NEO,15.05,C
a0005143,  5143 Heracles (1991 VL),Y,N,0.0575,0.7712,1.835,0.419848,8.98,4.843,0.227,NEO,14.04,S
a0005370,  5370 Taranis (1986 RA),Y,N,0.212,0.637,3.318,1.204434,19.17,3.6,0.037,NEO,15.23,C
a0005381,  5381 Sekhmet (1991 JY),Y,N,0.111,0.2964,0.9474,0.66659064,48.97,0.935,0.507,NEO,16.72,M
a0005587,  5587 (1990 SB),Y,N,0.31,0.5443,2.401,1.0941356999999998,18.04,3.57,0.32,NEO,13.89,S
a0005604,  5604 (1992 FE),Y,Y,0.0336,0.4065,0.93,0.5519550000000001,4.7,0.55,0.48,NEO,17.36,M
a0005645,  5645 (1990 SP),Y,N,0.054,0.3873,1.355,0.8302085,13.51,1.668,0.121,NEO,17.23,C
a0005646,  5646 (1990 TR),Y,N,0.211,0.4358,2.144,1.2096448000000002,7.91,4.3,0.223,NEO,15.51,S
a0005653,  5653 Camarillo (1992 WD5),Y,N,0.282,0.3044,1.794,1.2479064,6.87,1.537,0.271,NEO,16.22,S
a0005731,  5731 Zeus (1988 VP4),Y,N,0.0647,0.6524,2.265,0.7873140000000001,11.2,5.231,0.031,NEO,15.47,C
a0005751,  5751 Zao (1992 AC),Y,N,0.24,0.4253,2.101,1.2074447,16.07,2.3,0.36,NEO,14.94,M
a0005828,  5828 (1991 AM),Y,N,0.399,0.6949,1.698,0.5180598000000001,30.18,1.457,0.331,NEO,15.96,S
a0005836,  5836 (1993 MF),Y,N,0.18,0.5383,2.439,1.1260863,7.93,2.754,0.156,NEO,14.99,S
a0005863,  5863 Tara (1983 RB),Y,N,0.231,0.5073,2.221,1.0942867,19.51,1.345,0.488,NEO,15.83,M
a0006050,  6050 Miwablock (1992 AE),Y,N,0.268,0.4372,2.202,1.2392855999999999,6.41,2.884,0.257,NEO,14.94,S
a0006053,  6053 (1993 BW3),Y,N,0.222,0.5284,2.147,1.0125252,21.58,3.72,0.14,NEO,15.1,C
a0006063,  6063 Jason (1984 KB),Y,N,0.0763,0.7625,2.22,0.5272500000000001,4.96,1.4,0.21,NEO,16.02,S
a0006178,  6178 (1986 DA),Y,N,0.178,0.5848,2.814,1.1683728,4.31,2.3,0.15,NEO,15.71,C
a0006455,  6455 (1992 HE),Y,N,0.287,0.5729,2.24,0.9567040000000002,37.34,4.626,0.227,NEO,14.08,S
a0006489,  6489 Golevka (1991 JX),Y,Y,0.0225,0.6188,2.477,0.9442323999999999,2.26,0.53,0.151,NEO,19.22,C
a0006611,  6611 (1993 VW),Y,N,0.0598,0.4845,1.696,0.8742880000000001,8.7,1.408,0.158,NEO,16.82,S
a0007025,  7025 (1993 QA),Y,N,0.0622,0.315,1.476,1.01106,12.61,0.498,0.34,NEO,18.08,M
a0007088,  7088 Ishtar (1992 AA),Y,N,0.224,0.3903,1.981,1.2078157,8.3,1.298,0.26,NEO,16.84,S
a0007092,  7092 Cadmus (1992 LC),Y,N,0.101,0.6937,2.545,0.7795335,17.79,6.319,0.046,NEO,15.12,C
a0007335,  7335 (1989 JA),Y,Y,0.0215,0.4845,1.773,0.9139815000000001,15.16,1.8,0.448,NEO,17.7,M
a0007341,  7341 (1991 VK),Y,Y,0.0481,0.5061,1.842,0.9097638,5.41,0.982,0.235,NEO,16.96,S
a0007350,  7350 (1993 VA),Y,N,0.0811,0.3912,1.356,0.8255328000000001,7.26,1.921,0.069,NEO,17.16,C
a0007482,  7482 (1994 PC1),Y,Y,0.000726,0.3294,1.349,0.9046394,33.47,1.052,0.277,NEO,16.58,S
a0007822,  7822 (1991 CS),Y,Y,0.0216,0.1646,1.123,0.9381542,37.12,1.602,0.075,NEO,17.34,C
a0007839,  7839 (1994 ND),Y,N,0.135,0.5186,2.165,1.0422310000000001,27.12,0.784,0.181,NEO,17.83,S
a0007888,  7888 (1993 UC),Y,N,0.0869,0.6632,2.439,0.8214551999999999,26.08,2.298,0.257,NEO,15.19,S
a0007889,  7889 (1994 LX),Y,N,0.155,0.3463,1.262,0.8249694,36.91,1.68,0.452,NEO,15.24,M
a0008201,  8201 (1994 AH2),Y,N,0.101,0.7061,2.54,0.7465060000000001,9.54,1.859,0.154,NEO,15.93,S
a0008566,  8566 (1996 EN),Y,Y,0.0226,0.4304,1.506,0.8578176,37.98,1.568,0.217,NEO,16.47,S
a0008567,  8567 (1996 HW1),Y,N,0.122,0.4491,2.046,1.1271413999999997,8.45,2.928,0.156,NEO,15.36,S
a0009162,  9162 Kwiila (1987 OA),Y,N,0.0806,0.5955,1.497,0.6055365,9.01,1.127,0.088,NEO,18.01,C
a0009202,  9202 (1993 PB),Y,N,0.374,0.6078,1.424,0.5584928,40.8,1.617,0.332,NEO,16.1,S
a0009400,  9400 (1994 TW1),Y,N,0.285,0.5807,2.588,1.0851484,35.98,3.698,0.155,NEO,14.84,S
a0009856,  9856 (1991 EE),Y,Y,0.0222,0.6258,2.243,0.8393305999999999,9.83,1.0,0.3,NEO,17.09,S
a0010115, 10115 (1992 SK),Y,Y,0.0464,0.3249,1.249,0.8431999000000001,15.32,0.938,0.318,NEO,17.14,S
a0010165, 10165 (1995 BL2),Y,N,0.376,0.5039,1.235,0.6126835,23.9,0.829,0.372,NEO,17.36,M
a0010636, 10636 (1998 QK56),Y,N,0.11,0.5128,1.885,0.918372,13.57,0.533,0.645,NEO,17.7,M
a0011066, 11066 Sigurd (1992 CC1),Y,N,0.119,0.3754,1.392,0.8694432,36.88,2.104,0.19,NEO,15.17,S
a0011398, 11398 (1998 YP11),Y,N,0.202,0.3891,1.721,1.0513589,15.02,1.316,0.318,NEO,16.36,S
a0011405, 11405 (1999 CV3),Y,N,0.117,0.3938,1.46,0.8850520000000001,22.86,3.621,0.112,NEO,15.22,C
a0011500, 11500 Tomaiyowit (1989 UR),Y,Y,0.0344,0.3558,1.08,0.695736,10.31,0.738,0.142,NEO,18.38,C
a0011885, 11885 Summanus (1990 SS),Y,N,0.0664,0.4745,1.703,0.8949265000000002,19.43,1.298,0.033,NEO,18.52,C
a0012538, 12538 (1998 OH),Y,Y,0.0302,0.4059,1.542,0.9161022000000001,24.54,1.663,0.232,NEO,15.96,S
a0012923, 12923 Zephyr (1999 GK4),Y,Y,0.02,0.4927,1.962,0.9953226,5.31,2.06,0.199,NEO,15.8,S
a0013651, 13651 (1997 BR),Y,Y,0.0156,0.3057,1.336,0.9275848,17.25,0.562,0.511,NEO,17.87,M
a0014402, 14402 (1991 DB),Y,N,0.102,0.4017,1.715,1.0260845,11.41,0.6,0.14,NEO,18.77,C
a0016064, 16064 Davidharvey (1999 RH27),Y,N,0.203,0.5893,2.851,1.1709056999999998,4.54,4.106,0.02,NEO,16.86,C
a0016834, 16834 (1997 WU22),Y,N,0.147,0.4422,1.468,0.8188504000000001,16.0,1.87,0.22,NEO,15.75,S
a0017182, 17182 (1999 VU),Y,N,0.144,0.5534,1.387,0.6194342,9.27,2.885,0.028,NEO,17.13,C
a0017188, 17188 (1999 WC2),Y,N,0.0632,0.6367,2.216,0.8050727999999999,29.45,1.819,0.147,NEO,16.42,C
a0017274, 17274 (2000 LC16),Y,N,0.207,0.5541,2.731,1.2177528999999998,5.57,3.183,0.037,NEO,16.87,C
a0019356, 19356 (1997 GH3),Y,N,0.121,0.5578,2.512,1.1108064000000002,3.01,0.91,0.34,NEO,17.0,M
a0019764, 19764 (2000 NF5),Y,N,0.222,0.4447,2.233,1.2399849,1.33,1.572,0.342,NEO,16.11,M
a0020460, 20460 Robwhiteley (1999 LO28),Y,N,0.329,0.4118,1.877,1.1040514000000001,33.95,2.716,0.199,NEO,15.41,S
a0020826, 20826 (2000 UV13),Y,N,0.093,0.6365,2.418,0.8789430000000001,31.93,3.687,0.123,NEO,13.85,C
a0021088, 21088 Chelyabinsk (1992 BL2),Y,N,0.306,0.2387,1.706,1.2987777999999999,38.46,2.793,0.206,NEO,14.34,S
a0022099, 22099 (2000 EX106),Y,N,0.168,0.2763,1.104,0.7989648,9.85,0.524,0.444,NEO,18.09,M
a0023183, 23183 (2000 OY21),Y,N,0.256,0.4009,1.824,1.0927584,40.98,1.098,0.64,NEO,16.05,M
a0023606, 23606 (1996 AS1),Y,N,0.101,0.3609,1.751,1.1190641,14.36,0.866,0.123,NEO,18.39,C
a0025330, 25330 (1999 KV4),Y,N,0.173,0.3709,1.541,0.9694430999999999,14.33,3.21,0.052,NEO,16.75,C
a0025916, 25916 (2001 CP44),Y,N,0.273,0.4998,2.558,1.2795115999999997,15.76,5.683,0.177,NEO,13.76,S
a0026760, 26760 (2001 KP41),Y,N,0.26,0.557,2.854,1.264322,11.01,5.4,0.042,NEO,15.5,C
a0026817, 26817 (1987 QB),Y,N,0.127,0.5937,2.806,1.1400778,3.5,1.172,0.027,NEO,19.49,C
a0027346, 27346 (2000 DN8),Y,N,0.443,0.399,1.875,1.126875,36.95,1.802,0.256,NEO,15.88,S
a0029075, 29075 (1950 DA),Y,Y,0.0398,0.5075,1.699,0.8367575000000002,12.15,1.3,0.07,NEO,17.28,C
a0033342, 33342 (1998 WT24),Y,Y,0.0105,0.4177,0.7187,0.41849901,7.37,0.432,0.654,NEO,18.02,M
a0035107, 35107 (1991 VH),Y,Y,0.0271,0.1437,1.137,0.9736131000000001,13.92,0.929,0.408,NEO,16.85,M
a0035396, 35396 (1997 XF11),Y,Y,0.000331,0.4838,1.442,0.7443603999999999,4.1,0.704,0.772,NEO,17.01,M
a0036183, 36183 (1999 TX16),Y,N,0.135,0.3323,1.551,1.0356026999999999,38.22,2.339,0.089,NEO,16.3,C
a0038086, 38086 Beowulf (1999 JB),Y,N,0.385,0.5662,1.42,0.6159959999999999,23.67,0.643,0.469,NEO,17.35,M
a0038091, 38091 (1999 JT3),Y,N,0.306,0.4011,2.17,1.299613,9.33,2.517,0.092,NEO,16.31,C
a0039572, 39572 (1993 DQ1),Y,Y,0.0263,0.4928,2.036,1.0326591999999999,10.03,1.554,0.184,NEO,16.56,S
a0039796, 39796 (1997 TD),Y,N,0.188,0.4683,2.251,1.1968567,12.93,2.131,0.205,NEO,15.68,S
a0040263, 40263 (1999 FQ5),Y,N,0.257,0.161,1.495,1.254305,25.84,0.954,0.177,NEO,17.75,S
a0040267, 40267 (1999 GJ4),Y,N,0.156,0.8084,1.339,0.25655239999999996,34.48,1.641,0.214,NEO,15.54,S
a0041429, 41429 (2000 GE2),Y,Y,0.0111,0.5556,1.593,0.7079292,2.17,0.204,0.267,NEO,20.66,S
a0048603, 48603 (1995 BC2),Y,N,0.137,0.4297,1.918,1.0938354000000001,5.02,0.844,0.227,NEO,17.82,S
a0052387, 52387 Huitzilopochtli (1993 OM7),Y,N,0.0604,0.1897,1.282,1.0388046,24.15,0.89,0.171,NEO,17.75,S
a0052750, 52750 (1998 KK17),Y,N,0.163,0.5249,1.427,0.6779677,11.17,1.059,0.471,NEO,16.67,M
a0052762, 52762 (1998 MT24),Y,N,0.137,0.6532,2.416,0.8378688,33.87,6.742,0.051,NEO,14.82,C
a0053430, 53430 (1999 TY16),Y,N,0.291,0.4032,2.099,1.2526832,60.41,1.233,0.266,NEO,16.66,S
a0053789, 53789 (2000 ED104),Y,Y,0.0478,0.2692,1.371,1.0019268,40.78,0.843,0.222,NEO,17.35,S
a0054401, 54401 (2000 LM),Y,N,0.354,0.2623,1.711,1.2622047,18.95,1.189,0.181,NEO,17.22,S
a0054686, 54686 (2001 DU8),Y,N,0.434,0.3418,1.777,1.1696214,33.21,1.349,0.244,NEO,16.61,S
a0054789, 54789 (2001 MZ7),Y,N,0.292,0.2874,1.776,1.2655776,24.47,1.567,0.856,NEO,15.07,M
a0055408, 55408 (2001 TC2),Y,N,0.147,0.2246,1.1,0.85294,30.39,0.461,0.342,NEO,18.88,M
a0055532, 55532 (2001 WG2),Y,N,0.339,0.6952,1.795,0.5471159999999999,38.54,1.306,0.376,NEO,16.16,M
a0065679, 65679 (1989 UQ),Y,Y,0.014,0.2645,0.9148,0.6728354,1.3,0.918,0.033,NEO,19.62,C
a0066008, 66008 (1998 QH2),Y,N,0.0776,0.3627,1.426,0.9087898,61.01,1.484,0.319,NEO,15.93,S
a0066146, 66146 (1998 TU3),Y,N,0.0738,0.4837,0.7875,0.40658625,5.42,2.864,0.224,NEO,14.36,S
a0066251, 66251 (1999 GJ2),Y,N,0.247,0.1981,1.536,1.2317184,11.28,1.222,0.187,NEO,17.0,S
a0066272, 66272 (1999 JW6),Y,N,0.409,0.1433,1.508,1.2919036,51.31,0.808,0.4,NEO,17.22,M
a0066400, 66400 (1999 LT7),Y,N,0.0589,0.5725,0.8554,0.3656835,9.06,0.411,0.182,NEO,19.27,S
a0068063, 68063 (2000 YJ66),Y,N,0.274,0.4577,2.334,1.2657282,5.72,2.301,0.211,NEO,15.57,S
a0068216, 68216 (2001 CV26),Y,Y,0.0242,0.3267,1.32,0.8887560000000001,17.99,0.994,0.449,NEO,16.57,M
a0068267, 68267 (2001 EA16),Y,N,0.059,0.4273,1.51,0.864777,38.82,0.875,0.401,NEO,17.01,M
a0068278, 68278 (2001 FC7),Y,N,0.263,0.1143,1.436,1.2718652,2.62,0.942,0.087,NEO,18.47,C
a0068346, 68346 (2001 KZ66),Y,Y,0.0385,0.4165,1.507,0.8793345,16.7,0.736,0.291,NEO,16.92,S
a0068348, 68348 (2001 LO7),Y,N,0.386,0.8409,2.155,0.3428605,25.36,3.512,0.299,NEO,14.27,S
a0068350, 68350 (2001 MK3),Y,N,0.302,0.2475,1.67,1.2566749999999998,29.57,1.794,0.219,NEO,16.11,S
a0068548, 68548 (2001 XR31),Y,Y,0.0265,0.4367,1.707,0.9615531,22.71,1.182,0.289,NEO,16.57,S
a0068950, 68950 (2002 QF15),Y,Y,0.00477,0.3443,1.057,0.6930748999999999,25.15,1.65,0.178,NEO,16.39,S
a0085182, 85182 (1991 AQ),Y,Y,0.016,0.7776,2.22,0.4937280000000001,3.12,1.1,0.242,NEO,17.13,S
a0085275, 85275 (1994 LY),Y,N,0.0637,0.4419,1.891,1.0553671,17.71,2.506,0.093,NEO,16.49,C
a0085628, 85628 (1998 KV2),Y,N,0.143,0.3316,1.592,1.0640928,13.03,0.775,0.461,NEO,17.28,M
a0085709, 85709 (1998 SG36),Y,N,0.122,0.3376,1.646,1.0903104,24.83,2.23,0.141,NEO,15.93,C
a0085713, 85713 (1998 SS49),Y,Y,0.00504,0.6388,1.923,0.6945876,10.79,3.484,0.076,NEO,15.77,C
a0085774, 85774 (1998 UT18),Y,Y,0.0358,0.3289,1.403,0.9415533,13.59,0.939,0.042,NEO,19.09,C
a0085804, 85804 (1998 WQ5),Y,N,0.371,0.3544,1.721,1.1110776,27.66,2.272,0.167,NEO,15.36,S
a0085818, 85818 (1998 XM4),Y,N,0.108,0.416,1.657,0.9676880000000001,62.72,2.028,0.168,NEO,15.42,S
a0085839, 85839 (1998 YO4),Y,N,0.239,0.2481,1.653,1.2428907,9.32,1.14,0.405,NEO,16.58,M
a0085953, 85953 (1999 FK21),Y,N,0.0706,0.703,0.7389,0.21945330000000002,12.6,0.59,0.32,NEO,18.1,S
a0085989, 85989 (1999 JD6),Y,Y,0.0483,0.6329,0.8831,0.32418600999999997,17.07,1.462,0.056,NEO,17.07,C
a0085990, 85990 (1999 JV6),Y,Y,0.0313,0.3115,1.009,0.6946964999999999,5.36,0.451,0.095,NEO,20.27,C
a0086039, 86039 (1999 NC43),Y,Y,0.025,0.5789,1.76,0.741136,7.13,2.22,0.14,NEO,15.95,C
a0086067, 86067 (1999 RM28),Y,N,0.364,0.3234,1.817,1.2293821999999999,30.55,1.245,0.314,NEO,16.45,S
a0086324, 86324 (1999 WA2),Y,N,0.341,0.4345,1.966,1.111773,34.61,2.102,0.191,NEO,15.83,S
a0086326, 86326 (1999 WK13),Y,N,0.279,0.3627,1.844,1.1751812,34.31,1.348,0.098,NEO,17.35,C
a0086666, 86666 (2000 FL10),Y,N,0.0815,0.427,1.463,0.838299,29.01,1.165,0.228,NEO,16.88,S
a0086667, 86667 (2000 FO10),Y,N,0.133,0.5946,0.8594,0.34840076000000003,14.29,0.745,0.349,NEO,17.54,M
a0086819, 86819 (2000 GK137),Y,Y,0.0163,0.5059,1.996,0.9862236,10.06,0.802,0.301,NEO,17.48,S
a0086829, 86829 (2000 GR146),Y,N,0.203,0.575,1.463,0.6217750000000001,14.37,1.823,0.232,NEO,15.81,S
a0087309, 87309 (2000 QP),Y,N,0.201,0.4632,0.8475,0.45493799999999995,34.74,0.568,0.499,NEO,17.59,M
a0087311, 87311 (2000 QJ1),Y,N,0.109,0.5121,1.59,0.775761,7.7,1.948,0.142,NEO,16.5,C
a0088188, 88188 (2000 XH44),Y,N,0.232,0.3913,2.008,1.2222696,11.34,1.371,0.374,NEO,16.08,M
a0088213, 88213 (2001 AF2),Y,N,0.172,0.5953,0.9539,0.38604332999999996,17.81,0.912,0.028,NEO,19.48,C
a0088254, 88254 (2001 FM129),Y,Y,0.01,0.6295,1.182,0.437931,1.52,0.8,0.252,NEO,17.77,S
a0088263, 88263 (2001 KQ1),Y,N,0.375,0.4326,2.097,1.1898378,38.79,5.748,0.037,NEO,15.69,C
a0088710, 88710 (2001 SL9),Y,N,0.199,0.2701,1.061,0.7744238999999999,21.9,0.76,0.281,NEO,17.61,S
a0089355, 89355 (2001 VS78),Y,N,0.444,0.3083,1.787,1.2360678999999999,22.66,2.038,0.246,NEO,15.8,S
a0089830, 89830 (2002 CE),Y,Y,0.0281,0.507,2.078,1.024454,43.64,5.067,0.079,NEO,14.98,C
a0089959, 89959 (2002 NT7),Y,Y,0.00088,0.5284,1.735,0.8182260000000001,42.36,1.407,0.224,NEO,16.55,S
a0090075, 90075 (2002 VU94),Y,Y,0.0272,0.5742,2.138,0.9103603999999998,8.86,2.233,0.294,NEO,15.38,S
a0090367, 90367 (2003 LC5),Y,N,0.151,0.4262,1.156,0.6633127999999999,16.88,1.748,0.048,NEO,17.92,C
a0090403, 90403 (2003 YE45),Y,Y,0.0377,0.28,1.234,0.8884799999999999,19.01,0.572,0.493,NEO,17.78,M
a0090416, 90416 (2003 YK118),Y,Y,0.00149,0.4922,1.695,0.8607210000000001,7.83,0.968,0.062,NEO,18.83,C
a0096189, 96189 Pygmalion (1991 NT3),Y,N,0.332,0.307,1.821,1.261953,14.0,3.605,0.041,NEO,16.48,C
a0096590, 96590 (1998 XB),Y,N,0.114,0.3512,0.9079,0.5890455200000001,13.6,0.882,0.489,NEO,16.28,M
a0099248, 99248 (2001 KY66),Y,Y,0.0464,0.5077,1.866,0.9186318,10.61,1.115,0.429,NEO,16.54,M
a0099942, 99942 Apophis (2004 MN4),Y,Y,0.000361,0.1912,0.9224,0.74603712,3.34,0.34,0.35,NEO,19.09,M
a0100004,100004 (1983 VA),Y,N,0.174,0.7027,2.59,0.770007,15.7,2.7,0.0668,NEO,16.43,C
a0100756,100756 (1998 FM5),Y,N,0.093,0.5546,2.265,1.008831,11.57,1.809,0.163,NEO,16.34,S
a0100926,100926 (1998 MQ),Y,N,0.129,0.4075,1.783,1.0564275,24.24,1.174,0.234,NEO,16.63,S
a0101955,101955 Bennu (1999 RQ36),Y,Y,0.00322,0.2037,1.126,0.8966337999999999,6.03,0.48444,0.044,NEO,20.21,C
a0103067,103067 (1999 XA143),Y,Y,0.0403,0.5812,1.843,0.7718483999999999,38.57,1.282,0.246,NEO,16.8,S
a0105140,105140 (2000 NL10),Y,N,0.356,0.8169,0.9143,0.16740833000000005,32.54,1.946,0.223,NEO,15.75,S
a0105141,105141 (2000 NF11),Y,N,0.212,0.189,1.421,1.152431,14.83,0.352,0.431,NEO,19.09,M
a0108519,108519 (2001 LF),Y,N,0.159,0.271,1.604,1.169316,16.4,1.423,0.06,NEO,17.94,C
a0111253,111253 (2001 XU10),Y,Y,0.0314,0.4398,1.753,0.9820306,42.04,3.006,0.178,NEO,15.24,S
a0112985,112985 (2002 RS28),Y,N,0.414,0.4922,2.22,1.1273160000000002,46.99,3.618,0.033,NEO,15.77,C
a0136874,136874 (1998 FH74),Y,N,0.236,0.884,2.202,0.255432,21.14,3.398,0.073,NEO,15.74,C
a0137032,137032 (1998 UO1),Y,N,0.0596,0.7634,1.596,0.37761360000000005,25.47,1.055,0.183,NEO,16.66,S
a0137062,137062 (1998 WM),Y,N,0.17,0.3153,1.225,0.8387575,22.52,1.265,0.411,NEO,16.76,M
a0137084,137084 (1998 XS16),Y,N,0.408,0.4966,1.212,0.6101208,26.56,1.228,0.322,NEO,16.47,S
a0137099,137099 (1998 YW3),Y,N,0.388,0.4628,1.1,0.5909200000000001,28.79,0.564,0.291,NEO,18.29,S
a0137805,137805 (1999 YK5),Y,N,0.114,0.5583,0.8294,0.36634598,16.75,2.243,0.027,NEO,16.72,C
a0137924,137924 (2000 BD19),Y,N,0.0904,0.895,0.8764,0.09202199999999998,25.75,0.97,0.247,NEO,17.5,S
a0137925,137925 (2000 BJ19),Y,N,0.39,0.7638,1.292,0.30517039999999995,31.12,1.372,0.373,NEO,16.06,M
a0138013,138013 (2000 CN101),Y,N,0.108,0.6348,1.598,0.5835895999999999,15.98,3.518,0.172,NEO,14.7,S
a0138127,138127 (2000 EE14),Y,Y,0.0239,0.5331,0.6618,0.30899442,26.46,0.754,0.449,NEO,17.11,M
a0138359,138359 (2000 GX127),Y,N,0.262,0.3613,1.141,0.7287567,20.24,1.085,0.095,NEO,17.97,C
a0138847,138847 (2000 VE62),Y,N,0.155,0.2877,1.619,1.1532136999999998,22.18,0.965,0.396,NEO,17.07,M
a0138883,138883 (2000 YL29),Y,N,0.138,0.344,1.536,1.007616,21.89,1.222,0.247,NEO,16.84,S
a0138947,138947 (2001 BA40),Y,N,0.183,0.2537,1.119,0.8351097,12.85,0.447,0.292,NEO,18.82,S
a0139056,139056 (2001 FY),Y,N,0.271,0.328,1.885,1.2667199999999998,4.73,0.32,0.52,NEO,19.18,M
a0139289,139289 (2001 KR1),Y,N,0.179,0.8412,1.26,0.20008800000000007,23.26,1.126,0.127,NEO,17.8,C
a0139345,139345 (2001 KA67),Y,N,0.262,0.7019,1.805,0.5380705,22.28,2.586,0.038,NEO,16.74,C
a0140158,140158 (2001 SX169),Y,Y,0.0261,0.4609,1.347,0.7261677,2.52,0.566,0.289,NEO,18.48,S
a0140288,140288 (2001 SN289),Y,Y,0.0189,0.5082,1.784,0.8773712,53.19,1.263,0.231,NEO,16.73,S
a0141432,141432 (2002 CQ11),Y,Y,0.0197,0.4275,0.9762,0.5588744999999999,2.47,0.239,0.34,NEO,20.06,M
a0141484,141484 (2002 DB4),Y,N,0.154,0.3695,0.8579,0.5409059500000001,16.6,1.034,0.455,NEO,16.26,M
a0141531,141531 (2002 GB),Y,N,0.28,0.529,0.9921,0.46727909999999995,22.55,0.303,0.482,NEO,19.15,M
a0142040,142040 (2002 QE15),Y,N,0.116,0.3444,1.667,1.0928852,28.25,1.232,0.353,NEO,16.25,M
a0142464,142464 (2002 TC9),Y,N,0.058,0.1548,1.234,1.0429768,16.28,0.886,0.118,NEO,18.34,C
a0142563,142563 (2002 TR69),Y,N,0.102,0.3437,1.66,1.089458,20.49,0.86,0.378,NEO,17.21,M
a0142781,142781 (2002 UM11),Y,N,0.311,0.3878,1.951,1.1944022000000003,41.02,1.595,0.252,NEO,16.14,S
a0143624,143624 (2003 HM16),Y,N,0.0529,0.5774,1.967,0.8312541999999999,35.54,2.137,0.169,NEO,15.91,S
a0144901,144901 (2004 WG1),Y,N,0.0562,0.5219,1.64,0.7840839999999999,13.04,2.24,0.038,NEO,17.54,C
a0152558,152558 (1990 SA),Y,N,0.308,0.4413,2.014,1.1252217999999998,38.14,1.4,0.146,NEO,16.86,C
a0152563,152563 (1992 BF),Y,N,0.0626,0.2717,0.9079,0.66122357,7.25,0.272,0.287,NEO,19.71,S
a0152564,152564 (1992 HF),Y,N,0.12,0.5617,1.391,0.6096753,13.32,0.282,0.169,NEO,19.63,S
a0152671,152671 (1998 HL3),Y,Y,0.0454,0.366,1.129,0.715786,2.68,0.298,0.2,NEO,20.24,S
a0152679,152679 (1998 KU2),Y,N,0.0601,0.5524,2.252,1.0079951999999999,4.93,4.167,0.022,NEO,16.55,C
a0152742,152742 (1998 XE12),Y,N,0.112,0.7392,0.8781,0.22900848000000001,13.43,0.413,0.264,NEO,19.1,S
a0152754,152754 (1999 GS6),Y,Y,0.0189,0.4974,1.191,0.5985965999999999,2.02,0.414,0.216,NEO,19.22,S
a0152889,152889 (2000 CF59),Y,N,0.317,0.6407,1.679,0.6032647,41.55,1.022,0.388,NEO,16.5,M
a0152931,152931 (2000 EA107),Y,N,0.163,0.4557,0.9297,0.50603571,28.58,1.646,0.237,NEO,16.3,S
a0152941,152941 (2000 FM10),Y,N,0.127,0.6807,1.481,0.47288330000000006,8.73,0.82,0.205,NEO,17.61,S
a0152952,152952 (2000 GC2),Y,N,0.279,0.1869,1.384,1.1253303999999997,55.29,0.776,0.353,NEO,17.57,M
a0152964,152964 (2000 GP82),Y,N,0.0916,0.3934,1.397,0.8474202000000001,13.23,0.788,0.342,NEO,17.8,M
a0152978,152978 (2000 GJ147),Y,Y,0.027,0.2368,1.162,0.8868383999999999,25.01,0.531,0.109,NEO,19.57,C
a0153195,153195 (2000 WB1),Y,N,0.0914,0.6192,1.301,0.4954208,41.1,1.327,0.1,NEO,17.51,C
a0153201,153201 (2000 WO107),Y,Y,0.00286,0.7808,0.9111,0.19971311999999997,7.77,0.51,0.129,NEO,19.3,C
a0153219,153219 (2000 YM29),Y,N,0.195,0.4356,2.089,1.1790316,40.34,1.289,0.035,NEO,18.54,C
a0153249,153249 (2001 BW15),Y,N,0.0561,0.5907,2.117,0.8664881,41.28,3.16,0.177,NEO,15.67,S
a0153271,153271 (2001 CL42),Y,N,0.191,0.4024,1.557,0.9304632,21.65,2.441,0.039,NEO,17.4,C
a0153814,153814 (2001 WN5),Y,Y,0.0019,0.4673,1.711,0.9114496999999999,1.92,0.932,0.097,NEO,18.28,C
a0153842,153842 (2001 XT30),Y,N,0.208,0.567,2.749,1.1903170000000003,9.0,1.759,0.193,NEO,16.7,S
a0154029,154029 (2002 CY46),Y,N,0.0868,0.4624,1.89,1.016064,44.2,1.119,0.098,NEO,16.52,C
a0154035,154035 (2002 CV59),Y,N,0.426,0.532,1.21,0.5662799999999999,49.06,1.098,0.149,NEO,17.38,C
a0154276,154276 (2002 SY50),Y,Y,0.00394,0.6889,1.705,0.5304255000000001,8.74,1.06,0.143,NEO,17.61,C
a0154589,154589 (2003 MX2),Y,N,0.263,0.459,2.289,1.238349,7.18,1.109,0.395,NEO,16.62,M
a0154590,154590 (2003 MA3),Y,Y,0.0131,0.4021,1.105,0.6606795,1.42,0.086,0.53,NEO,21.7,M
a0154807,154807 (2004 PP97),Y,N,0.146,0.3166,1.484,1.0141656000000001,15.53,0.469,0.319,NEO,18.56,S
a0154993,154993 (2005 EA94),Y,N,0.0749,0.6637,1.517,0.5101671,10.32,0.828,0.195,NEO,17.99,S
a0155110,155110 (2005 TB),Y,N,0.113,0.3485,1.261,0.8215414999999999,30.38,0.683,0.379,NEO,17.46,M
a0159454,159454 (2000 DJ8),Y,N,0.246,0.2527,1.411,1.0544403000000002,37.75,0.577,0.367,NEO,18.04,M
a0159459,159459 (2000 KB),Y,N,0.531,0.7989,2.337,0.4699706999999999,56.16,1.769,0.187,NEO,16.31,S
a0159504,159504 (2000 WO67),Y,Y,0.0491,0.617,2.433,0.931839,9.69,2.324,0.052,NEO,16.97,C
a0159518,159518 (2001 FF7),Y,N,0.339,0.4452,2.104,1.1672992,47.47,1.784,0.038,NEO,18.01,C
a0159560,159560 (2001 TO103),Y,N,0.472,0.4348,2.214,1.2513527999999998,25.7,1.156,0.209,NEO,17.14,S
a0159686,159686 (2002 LB6),Y,N,0.283,0.688,1.804,0.5628480000000001,24.73,1.845,0.162,NEO,16.34,S
a0159857,159857 (2004 LJ1),Y,Y,0.0154,0.5935,2.262,0.919503,23.15,3.07,0.13,NEO,15.46,C
a0159929,159929 (2005 UK),Y,N,0.126,0.4078,1.887,1.1174814000000002,54.42,2.62,0.026,NEO,17.72,C
a0161989,161989 Cacus (1978 CA),Y,Y,0.0144,0.2138,1.123,0.8829026,26.07,1.9,0.09,NEO,17.31,C
a0161999,161999 (1989 RC),Y,N,0.116,0.5126,2.318,1.1297932000000002,7.38,0.458,0.211,NEO,18.8,S
a0162038,162038 (1996 DH),Y,N,0.134,0.2766,1.587,1.1480358,17.23,1.959,0.105,NEO,16.69,C
a0162058,162058 (1997 AE12),Y,N,0.0875,0.5542,2.367,1.0552085999999998,4.85,0.847,0.186,NEO,17.99,S
a0162080,162080 (1998 DG16),Y,N,0.187,0.3582,0.8967,0.5755020599999999,16.21,0.777,0.035,NEO,19.93,C
a0162116,162116 (1998 SA15),Y,Y,0.0473,0.5585,1.916,0.8459139999999999,7.11,0.538,0.116,NEO,19.54,C
a0162142,162142 (1998 VR),Y,N,0.151,0.3179,0.8753,0.59704213,21.81,0.462,0.25,NEO,18.78,S
a0162173,162173 Ryugu (1999 JU3),Y,Y,0.000833,0.1911,1.191,0.9633999,5.87,0.896,0.045,NEO,19.55,C
a0162181,162181 (1999 LF6),Y,N,0.0639,0.2806,1.41,1.014354,18.94,0.729,0.175,NEO,18.2,S
a0162269,162269 (1999 VO6),Y,N,0.077,0.7378,1.135,0.297597,40.13,1.01,0.274,NEO,16.97,S
a0162385,162385 (2000 BM19),Y,N,0.0834,0.3587,0.7406,0.47494678,6.88,0.812,0.115,NEO,18.59,C
a0162463,162463 (2000 JH5),Y,N,0.111,0.2382,1.146,0.8730228,22.21,1.048,0.084,NEO,17.97,C
a0162483,162483 (2000 PJ5),Y,N,0.174,0.3737,0.8727,0.5465720100000001,51.18,0.906,0.236,NEO,17.53,S
a0162510,162510 (2000 QW69),Y,Y,0.0237,0.3023,1.376,0.9600351999999999,38.14,1.406,0.089,NEO,17.6,C
a0162566,162566 (2000 RJ34),Y,N,0.164,0.5761,2.625,1.1127375000000002,14.29,4.299,0.071,NEO,15.73,C
a0162567,162567 (2000 RW37),Y,Y,0.00693,0.2501,1.247,0.9351253,13.75,0.335,0.173,NEO,19.97,S
a0162741,162741 (2000 WG6),Y,N,0.19,0.4994,2.319,1.1608914,11.85,3.945,0.014,NEO,17.47,C
a0162903,162903 (2001 JV2),Y,N,0.0857,0.2373,1.305,0.9953234999999999,47.49,1.086,0.06,NEO,18.66,C
a0162980,162980 (2001 RR17),Y,N,0.199,0.4887,1.553,0.7940489,30.4,0.79,0.658,NEO,16.77,M
a0162998,162998 (2001 SK162),Y,Y,0.0284,0.4745,1.926,1.012113,1.68,0.875,0.161,NEO,18.16,S
a0163132,163132 (2002 CU11),Y,Y,0.00113,0.2952,1.22,0.859856,48.78,0.46,0.408,NEO,18.61,M
a0163243,163243 (2002 FB3),Y,Y,0.00394,0.6016,0.7616,0.30342144,20.28,1.682,0.172,NEO,16.42,S
a0163348,163348 (2002 NN4),Y,Y,0.00652,0.4346,0.8758,0.49517732000000003,5.42,0.735,0.03,NEO,20.05,C
a0163454,163454 (2002 RN129),Y,N,0.237,0.3699,1.162,0.7321761999999999,23.12,0.712,0.096,NEO,19.11,C
a0163691,163691 (2003 BB43),Y,N,0.354,0.5217,2.418,1.1565294,40.8,3.449,0.021,NEO,17.09,C
a0163694,163694 (2003 DP13),Y,N,0.262,0.5434,2.641,1.2058806,9.82,0.832,0.276,NEO,17.5,S
a0163760,163760 (2003 OR14),Y,N,0.279,0.5043,2.512,1.2451984,13.07,2.343,0.074,NEO,16.68,C
a0163818,163818 (2003 RX7),Y,Y,0.0265,0.3546,1.229,0.7931966,10.39,0.386,0.516,NEO,18.46,M
a0163899,163899 (2003 SD220),Y,Y,0.0179,0.2094,0.8279,0.65453774,8.55,0.791,0.34,NEO,17.56,M
a0164121,164121 (2003 YT1),Y,Y,0.00145,0.2921,1.11,0.785769,44.06,1.717,0.198,NEO,16.15,S
a0164206,164206 (2004 FN18),Y,N,0.112,0.4097,1.701,1.0041003000000002,18.27,1.138,0.124,NEO,17.69,C
a0164207,164207 Cardea (2004 GU9),Y,Y,0.00309,0.1359,1.001,0.8649640999999999,13.65,0.163,0.219,NEO,21.2,S
a0168378,168378 (1997 ET30),Y,N,0.204,0.4495,2.137,1.1764185,6.81,0.841,0.509,NEO,16.91,M
a0169352,169352 (2001 UY16),Y,N,0.121,0.5197,2.083,1.0004648999999999,32.28,0.316,0.405,NEO,19.37,M
a0172034,172034 (2001 WR1),Y,N,0.0751,0.2025,1.277,1.0184075,25.03,0.631,0.336,NEO,17.84,M
a0173689,173689 (2001 PK9),Y,N,0.113,0.3951,1.779,1.0761170999999998,10.43,0.724,0.161,NEO,18.25,S
a0175706,175706 (1996 FG3),Y,Y,0.0281,0.3501,1.055,0.6856444999999999,1.97,1.196,0.072,NEO,18.31,C
a0175921,175921 (2000 DM1),Y,N,0.143,0.484,1.369,0.706404,20.71,1.039,0.02,NEO,18.32,C
a0184990,184990 (2006 KE89),Y,N,0.23,0.799,1.053,0.21165299999999995,45.12,2.039,0.117,NEO,16.41,C
a0185716,185716 (1998 SF35),Y,N,0.413,0.2739,1.685,1.2234785,35.19,0.629,0.339,NEO,17.95,M
a0185851,185851 (2000 DP107),Y,Y,0.0143,0.3767,1.365,0.8508045,8.67,0.863,0.137,NEO,18.31,C
a0187040,187040 (2005 JS108),Y,Y,0.0187,0.3222,1.355,0.918419,6.03,0.43,0.199,NEO,19.2,S
a0190119,190119 (2004 VA64),Y,N,0.299,0.8896,2.47,0.27268800000000015,29.73,1.451,0.121,NEO,17.04,C
a0190161,190161 (2005 TJ174),Y,N,0.23,0.4525,2.239,1.2258525,3.98,3.041,0.04,NEO,16.73,C
a0190166,190166 (2005 UP156),Y,N,0.127,0.4715,2.115,1.1177775,4.21,1.045,0.234,NEO,17.26,S
a0194268,194268 (2001 UY4),Y,Y,0.0258,0.7875,1.453,0.30876250000000005,5.44,1.244,0.055,NEO,18.34,C
a0194386,194386 (2001 VG5),Y,N,0.114,0.6138,2.301,0.8886462,13.69,0.916,0.353,NEO,16.95,M
a0198856,198856 (2005 LR3),Y,N,0.139,0.3354,1.654,1.0992484,25.0,0.742,0.389,NEO,17.06,M
a0200754,200754 (2001 WA25),Y,N,0.0963,0.517,1.756,0.848148,15.51,0.553,0.21,NEO,18.51,S
a0206378,206378 (2003 RB),Y,Y,0.0441,0.439,1.788,1.0030679999999998,6.72,0.376,0.414,NEO,18.76,M
a0207945,207945 (1991 JW),Y,Y,0.0204,0.1186,1.039,0.9157745999999999,8.71,0.423,0.161,NEO,19.61,S
a0209924,209924 (2005 WS55),Y,N,0.148,0.4535,2.03,1.109395,23.77,1.861,0.185,NEO,16.29,S
a0211871,211871 (2004 HO),Y,N,0.0614,0.5115,1.847,0.9022595000000001,7.88,0.411,0.315,NEO,18.85,S
a0212359,212359 (2006 EV52),Y,N,0.257,0.7075,2.016,0.58968,15.96,1.261,0.232,NEO,16.72,S
a0214088,214088 (2004 JN13),Y,N,0.134,0.6903,2.888,0.8944135999999999,13.35,2.423,0.25,NEO,15.34,S
a0215442,215442 (2002 MQ3),Y,N,0.133,0.2742,0.9136,0.6630908799999999,36.29,1.075,0.08,NEO,18.53,C
a0215588,215588 (2003 HF2),Y,Y,0.00304,0.6755,1.114,0.36149300000000006,3.05,0.488,0.118,NEO,19.42,C
a0215757,215757 (2004 FU64),Y,N,0.341,0.3671,1.838,1.1632702000000001,24.88,0.78,0.241,NEO,17.88,S
a0218017,218017 (2001 XV266),Y,N,0.105,0.1927,1.196,0.9655308,12.0,0.451,0.115,NEO,19.82,C
a0218863,218863 (2006 WO127),Y,N,0.0739,0.5479,2.196,0.9928116,11.03,1.237,0.418,NEO,16.34,M
a0219071,219071 (1997 US9),Y,N,0.251,0.2821,1.053,0.7559486999999999,20.02,0.657,0.383,NEO,17.2,M
a0220124,220124 (2002 TE66),Y,N,0.0948,0.3779,1.457,0.9063997,51.35,0.609,0.208,NEO,18.76,S
a0221980,221980 (1996 EO),Y,Y,0.0341,0.4008,1.342,0.8041264,21.59,0.432,0.2,NEO,19.11,S
a0225416,225416 (1999 YC),Y,N,0.249,0.8302,1.422,0.2414555999999999,38.26,1.651,0.094,NEO,17.36,C
a0226554,226554 (2003 WR21),Y,Y,0.0309,0.2614,1.118,0.8257548,9.27,0.482,0.125,NEO,19.62,C
a0228502,228502 (2001 TE2),Y,N,0.0663,0.1966,1.084,0.8708856,7.63,0.302,0.194,NEO,20.41,S
a0230111,230111 (2001 BE10),Y,Y,0.0415019,0.3691992959804846,0.8231081054050599,0.5192171723736813,17.50733464773065,0.3999122618148751,0.253,ATE,19.1,S
a0230118,230118 (2001 DB3),Y,N,0.441,0.5595,2.684,1.1823020000000002,24.49,1.166,0.15,NEO,17.09,C
a0230549,230549 (2003 BH),Y,Y,0.0281,0.3562,1.457,0.9380166,13.11,0.217,0.216,NEO,20.78,S
a0230979,230979 (2005 AT42),Y,N,0.171,0.6137,2.857,1.1036591,11.21,1.522,0.207,NEO,16.58,S
a0232382,232382 (2003 BT47),Y,N,0.206,0.4935,2.335,1.1826774999999998,7.45,1.123,0.154,NEO,17.25,S
a0234061,234061 (1999 HE1),Y,N,0.0519,0.5721,2.362,1.0106997999999998,8.16,2.9,0.019,NEO,17.69,C
a0234145,234145 (2000 EW70),Y,Y,0.0101,0.3213,0.9375,0.6362812500000001,5.43,0.344,0.045,NEO,21.58,C
a0234341,234341 (2001 FZ57),Y,N,0.157,0.6042,0.9442,0.3737143600000001,20.67,0.344,0.493,NEO,18.93,M
a0235086,235086 (2003 HW11),Y,N,0.247,0.4658,2.352,1.2564384,7.4,1.024,0.168,NEO,17.36,S
a0235756,235756 (2004 VC),Y,Y,0.0351,0.2589,1.133,0.8396663,39.14,1.136,0.042,NEO,18.58,C
a0237551,237551 (2000 WQ19),Y,N,0.193,0.347,1.406,0.918118,34.27,0.63,0.234,NEO,18.44,S
a0237805,237805 (2002 CF26),Y,N,0.0923,0.3411,1.604,1.0568756000000001,35.3,0.703,0.43,NEO,17.4,M
a0238063,238063 (2003 EG),Y,N,0.363,0.7137,1.738,0.4975894,31.79,1.47,0.225,NEO,16.57,S
a0238456,238456 (2004 RK),Y,N,0.165,0.3003,1.389,0.9718833,18.15,0.328,0.312,NEO,19.43,S
a0239849,239849 (1999 VO11),Y,N,0.0707,0.6339,2.256,0.8259215999999999,15.75,0.45,0.317,NEO,18.65,S
a0241370,241370 (2008 LW8),Y,N,0.142,0.3935,1.676,1.016494,17.27,0.764,0.224,NEO,17.42,S
a0241596,241596 (1998 XM2),Y,N,0.414,0.3401,1.805,1.1911194999999999,27.1,1.548,0.105,NEO,17.23,C
a0241662,241662 (2000 KO44),Y,N,0.224,0.3884,1.83,1.119228,28.62,0.898,0.2,NEO,17.66,S
a0242147,242147 (2003 BH84),Y,N,0.301,0.7202,1.958,0.5478484000000001,23.35,1.687,0.108,NEO,17.03,C
a0242187,242187 (2003 KR18),Y,N,0.234,0.4801,2.347,1.2202053000000002,5.58,0.605,0.334,NEO,17.99,M
a0242191,242191 (2003 NZ6),Y,N,0.0666,0.4923,0.7934,0.40280918000000004,18.25,0.37,0.334,NEO,19.02,M
a0242450,242450 (2004 QY2),Y,Y,0.0479,0.4771,1.084,0.5668236,37.03,2.914,0.274,NEO,14.64,S
a0242643,242643 (2005 NZ6),Y,Y,0.00548,0.8652,1.833,0.24708840000000004,8.41,1.989,0.041,NEO,17.39,C
a0243025,243025 (2006 UM216),Y,N,0.314,0.5237,2.674,1.2736261999999998,15.89,2.123,0.139,NEO,16.05,C
a0243147,243147 (2007 TX18),Y,N,0.234,0.4156,2.137,1.2488628000000002,7.36,0.912,0.28,NEO,17.39,S
a0243566,243566 (1995 SA),Y,Y,0.0398,0.6417,2.462,0.8821346,19.58,0.881,0.091,NEO,17.37,C
a0244977,244977 (2004 BE68),Y,Y,0.0108,0.4446,1.761,0.9780593999999999,15.74,0.495,0.235,NEO,18.36,S
a0246138,246138 (2007 OG3),Y,N,0.12,0.4814,2.165,1.122769,1.69,0.588,0.269,NEO,18.25,S
a0247156,247156 (2000 YH29),Y,N,0.271,0.5272,2.218,1.0486704,21.85,1.655,0.033,NEO,18.16,C
a0247517,247517 (2002 QY6),Y,N,0.106,0.6991,0.8171,0.24586538999999996,12.75,0.269,0.357,NEO,19.59,M
a0248083,248083 (2004 QU24),Y,N,0.539,0.6136,3.329,1.2863255999999998,23.36,2.358,0.126,NEO,16.13,C
a0248590,248590 (2006 CS),Y,N,0.101,0.6969,2.916,0.8838396000000001,52.31,4.726,0.018,NEO,16.26,C
a0248926,248926 (2006 WZ2),Y,N,0.276,0.3301,1.694,1.1348105999999998,24.65,2.907,0.04,NEO,17.13,C
a0249886,249886 (2001 RY11),Y,N,0.197,0.2834,1.483,1.0627178000000002,22.85,1.201,0.051,NEO,17.62,C
a0250458,250458 (2004 BO41),Y,N,0.0897,0.4929,1.019,0.5167349,35.55,0.63,0.282,NEO,18.0,S
a0250614,250614 (2005 GG),Y,N,0.251,0.6595,2.042,0.695301,34.84,1.617,0.269,NEO,16.22,S
a0250620,250620 (2005 GE59),Y,Y,0.0317,0.6025,2.109,0.8383274999999999,16.08,0.654,0.26,NEO,18.07,S
a0250680,250680 (2005 QC5),Y,Y,0.0477,0.3645,0.893,0.5675015,9.45,0.398,0.147,NEO,19.63,C
a0250706,250706 (2005 RR6),Y,Y,0.0338,0.7011,2.956,0.8835484000000001,6.93,0.535,0.322,NEO,18.55,S
a0252399,252399 (2001 TX44),Y,Y,0.00913,0.5459,0.8748,0.39724667999999996,15.21,0.291,0.478,NEO,19.41,M
a0252558,252558 (2001 WT1),Y,N,0.122,0.3972,1.089,0.6564492,7.16,0.533,0.062,NEO,20.36,C
a0254419,254419 (2004 VT60),Y,N,0.376,0.434,2.076,1.175016,43.51,0.629,0.408,NEO,17.76,M
a0256412,256412 (2007 BT2),Y,N,0.289,0.2238,1.632,1.2667583999999998,26.86,4.444,0.014,NEO,16.93,C
a0260277,260277 (2004 TR12),Y,N,0.0965,0.2097,0.8951,0.70739753,19.36,0.47,0.419,NEO,18.27,M
a0262623,262623 (2006 WY2),Y,N,0.254,0.3329,0.9833,0.65595943,27.55,0.761,0.122,NEO,18.64,C
a0263976,263976 (2009 KD5),Y,Y,0.0478,0.2614,1.046,0.7725755999999999,13.47,0.785,0.125,NEO,18.34,C
a0264357,264357 (2000 AZ93),Y,Y,0.0214,0.36,0.7469,0.478016,8.59,0.113,0.037,NEO,21.17,C
a0265196,265196 (2004 BW58),Y,Y,0.0378,0.3783,1.454,0.9039517999999999,15.22,0.361,0.31,NEO,18.84,S
a0267221,267221 (2001 AD2),Y,Y,0.00834,0.6599,1.04,0.35370399999999996,1.64,0.562,0.097,NEO,19.85,C
a0267337,267337 (2001 VK5),Y,Y,0.000899,0.5142,1.269,0.6164801999999999,19.43,0.439,0.578,NEO,18.05,M
a0269690,269690 (1996 RG3),Y,Y,0.00259,0.6037,2.001,0.7929962999999999,3.58,0.888,0.098,NEO,18.47,C
a0271480,271480 (2004 FX31),Y,N,0.0673,0.442,1.26,0.70308,24.75,0.709,0.352,NEO,17.66,M
a0274138,274138 (2008 FU6),Y,N,0.101,0.5691,1.324,0.5705116,12.83,0.747,0.24,NEO,17.77,S
a0275611,275611 (1999 XX262),Y,N,0.31,0.1818,1.533,1.2543006,8.23,1.483,0.046,NEO,18.15,C
a0275974,275974 (2001 XD),Y,N,0.0639,0.7958,2.047,0.41799740000000013,11.29,0.626,0.216,NEO,18.68,S
a0275976,275976 (2001 XV10),Y,N,0.0601,0.5853,2.204,0.9139988,22.35,2.381,0.094,NEO,16.17,C
a0276049,276049 (2002 CE26),Y,N,0.0957,0.5611,2.233,0.9800637,47.29,3.5,0.07,NEO,16.64,C
a0276274,276274 (2002 SS41),Y,N,0.601811,0.3827108147189394,2.104710778348299,1.299215201618888,63.68501362787909,1.528,0.1,AMO,17.2,C
a0276468,276468 (2003 HQ32),Y,N,0.478,0.3454,1.979,1.2954534000000002,35.88,1.034,0.114,NEO,18.07,C
a0276703,276703 (2004 BL11),Y,N,0.131,0.75,1.26,0.315,9.82,0.521,0.124,NEO,19.3,C
a0276786,276786 (2004 KD1),Y,N,0.136,0.3301,1.72,1.1522279999999998,10.12,1.72,0.05,NEO,17.83,C
a0277039,277039 (2005 CF41),Y,N,0.208,0.5859,1.649,0.6828509,15.87,0.676,0.156,NEO,18.55,S
a0277570,277570 (2005 YP180),Y,Y,0.0165,0.617,1.372,0.525476,4.11,0.439,0.177,NEO,19.34,S
a0277616,277616 (2006 BN6),Y,N,0.169,0.692,2.581,0.7949480000000001,18.71,1.236,0.119,NEO,17.41,C
a0277617,277617 (2006 BT7),Y,N,0.253,0.6334,1.522,0.5579652,16.17,0.666,0.19,NEO,18.23,S
a0285331,285331 (1999 FN53),Y,N,0.0594,0.4559,1.736,0.9445576,20.16,0.654,0.198,NEO,18.19,S
a0285339,285339 (1999 JR6),Y,N,0.221,0.6754,1.367,0.4437282,20.32,0.614,0.268,NEO,18.07,S
a0285944,285944 (2001 RZ11),Y,N,0.0889,0.5063,2.192,1.0821904000000002,53.11,1.044,0.407,NEO,16.7,M
a0294739,294739 (2008 CM),Y,Y,0.0437,0.408,1.566,0.9270720000000001,36.02,0.74,0.425,NEO,17.04,M
a0297274,297274 (1996 SK),Y,Y,0.00626,0.7907,2.445,0.5117385000000001,1.97,1.199,0.234,NEO,16.93,S
a0297418,297418 (2000 SP43),Y,Y,0.0193,0.4669,0.8115,0.43261065000000004,10.34,0.407,0.388,NEO,18.51,M
a0299582,299582 (2006 GQ2),Y,N,0.126,0.4659,1.29,0.6889890000000001,25.83,0.622,0.288,NEO,18.23,S
a0303174,303174 (2004 FH11),Y,N,0.46,0.4459,2.257,1.2506037,21.37,1.504,0.163,NEO,16.72,S
a0303248,303248 (2004 QV16),Y,N,0.114,0.5743,1.769,0.7530632999999999,28.49,0.817,0.084,NEO,18.02,C
a0303450,303450 (2005 BY2),Y,Y,0.0417,0.3307,1.269,0.8493417,7.29,0.187,0.317,NEO,20.51,S
a0304153,304153 (2006 OU10),Y,N,0.153,0.3496,1.754,1.1408015999999999,33.7,2.054,0.033,NEO,17.81,C
a0304330,304330 (2006 SX217),Y,Y,0.0324,0.3101,1.412,0.9741387999999999,21.04,0.78,0.08,NEO,18.91,C
a0306462,306462 (1999 RC32),Y,N,0.317,0.4318,1.838,1.0443516000000002,30.96,0.476,0.379,NEO,18.64,M
a0307070,307070 (2002 AV31),Y,N,0.142,0.249,1.309,0.9830589999999999,14.98,0.282,0.117,NEO,20.63,C
a0307493,307493 (2002 XP90),Y,N,0.05,0.5858,2.08,0.8615360000000001,23.12,1.666,0.023,NEO,18.57,C
a0307918,307918 (2004 EU9),Y,N,0.167,0.5052,0.8805,0.4356714,28.58,0.374,0.358,NEO,19.02,M
a0310560,310560 (2001 QL142),Y,Y,0.0486,0.4991,1.049,0.5254441,26.6,0.654,0.313,NEO,17.8,S
a0311321,311321 (2005 NP1),Y,N,0.368,0.2965,1.827,1.2852945,34.71,0.583,0.172,NEO,18.61,S
a0311554,311554 (2006 BQ147),Y,N,0.07,0.4223,0.8199,0.47365622999999996,24.38,0.382,0.401,NEO,18.72,M
a0312070,312070 (2007 TA19),Y,Y,0.0199,0.5095,0.9539,0.46788795000000005,22.63,0.595,0.087,NEO,19.4,C
a0315098,315098 (2007 EX),Y,N,0.125,0.4174,0.8716,0.50779416,18.7,0.993,0.313,NEO,16.67,S
a0315508,315508 (2008 AB31),Y,N,0.293,0.3205,1.602,1.088559,30.02,0.836,0.023,NEO,20.14,C
a0322763,322763 (2001 FA7),Y,N,0.104,0.5359,2.007,0.9314487,22.83,1.252,0.196,NEO,17.21,S
a0322775,322775 (2001 HA8),Y,N,0.114,0.5317,2.385,1.1168955,11.47,1.632,0.069,NEO,17.27,C
a0323179,323179 (2003 HR32),Y,N,0.142,0.6871,1.748,0.5469491999999999,8.28,1.17,0.068,NEO,18.1,C
a0325102,325102 (2008 EY5),Y,N,0.079,0.6268,0.6262,0.23369784,5.11,0.361,0.124,NEO,20.17,C
a0326388,326388 (2001 QD96),Y,N,0.233,0.4964,1.274,0.6415864000000001,17.95,1.142,0.071,NEO,18.38,C
a0326683,326683 (2002 WP),Y,N,0.152,0.2159,1.45,1.136945,19.15,0.518,0.315,NEO,18.48,S
a0329915,329915 (2005 MB),Y,N,0.0696,0.793,0.9855,0.20399849999999997,41.36,1.012,0.249,NEO,17.05,S
a0331792,331792 (2003 MT2),Y,N,0.372,0.5337,2.686,1.2524818000000002,27.92,1.275,0.499,NEO,15.9,M
a0332775,332775 (2009 VO24),Y,N,0.0743,0.4619,1.547,0.8324407,6.06,0.467,0.098,NEO,19.7,C
a0333578,333578 (2006 KM103),Y,Y,0.0136,0.3766,1.573,0.9806081999999999,11.68,0.204,0.352,NEO,20.18,M
a0333889,333889 (1998 SV4),Y,N,0.336,0.642,0.8165,0.292307,53.3,0.919,0.11,NEO,18.24,C
a0334673,334673 (2003 AL18),Y,N,0.134,0.4166,1.684,0.9824455999999998,15.72,0.57,0.376,NEO,17.98,M
a0337119,337119 (1999 TK12),Y,N,0.194,0.393,1.683,1.021581,24.5,0.521,0.235,NEO,18.6,S
a0337248,337248 (2000 RH60),Y,N,0.176,0.5513,0.8259,0.37058133,19.65,0.846,0.025,NEO,20.08,C
a0338347,338347 (2002 XG4),Y,N,0.315,0.4784,2.267,1.1824672,20.98,1.42,0.046,NEO,18.31,C
a0341843,341843 (2008 EV5),Y,Y,0.0137,0.0828,0.9598,0.88032856,7.45,0.4,0.137,NEO,20.05,C
a0343166,343166 (2009 SO103),Y,N,0.148,0.6636,2.004,0.6741456,29.49,0.67,0.431,NEO,17.42,M
a0345646,345646 (2006 TN),Y,N,0.0968,0.3451,1.562,1.0229538,17.28,0.413,0.117,NEO,19.74,C
a0345705,345705 (2006 VB14),Y,N,0.0786,0.4211,0.767,0.4440163,31.03,0.406,0.402,NEO,18.58,M
a0345722,345722 (2007 BG29),Y,N,0.0875,0.3347,0.8326,0.55392878,18.51,0.653,0.258,NEO,18.23,S
a0345813,345813 (2007 HX4),Y,N,0.104,0.3319,1.318,0.8805558000000001,56.55,1.377,0.069,NEO,17.8,C
a0349068,349068 (2006 YT13),Y,Y,0.0386,0.4258,1.323,0.7596666000000001,38.25,0.496,0.343,NEO,18.3,M
a0349074,349074 (2007 BM8),Y,N,0.407,0.7209,1.341,0.3742731,27.64,1.081,0.067,NEO,18.39,C
a0349219,349219 (2007 SV11),Y,N,0.112,0.494,1.734,0.877404,32.22,0.583,0.272,NEO,18.13,S
a0349925,349925 (2009 WC26),Y,N,0.199,0.6971,2.172,0.6578987999999999,12.01,0.92,0.229,NEO,17.34,S
a0350513,350513 (2000 BG19),Y,N,0.297,0.5544,2.675,1.1919799999999998,12.45,1.77,0.043,NEO,18.06,C
a0355770,355770 (2008 RE80),Y,N,0.135,0.2459,1.482,1.1175762,16.59,1.199,0.054,NEO,18.35,C
a0356394,356394 (2010 QD2),Y,N,0.0609,0.7857,2.009,0.4305287000000001,10.66,1.071,0.152,NEO,17.46,C
a0357022,357022 (1999 YG3),Y,Y,0.0414,0.3296,1.285,0.8614639999999999,34.52,0.432,0.217,NEO,19.07,S
a0357024,357024 (1999 YR14),Y,Y,0.00712,0.4001,1.651,0.9904349,3.73,0.255,0.43,NEO,19.47,M
a0361538,361538 (2007 JZ20),Y,N,0.0662,0.335,1.311,0.871815,40.48,0.479,0.313,NEO,18.67,S
a0363024,363024 (1998 OK1),Y,Y,0.0403,0.4292,1.356,0.7740048,13.99,0.558,0.099,NEO,19.42,C
a0363027,363027 (1998 ST27),Y,Y,0.00981,0.5298,0.8198,0.38546995999999994,21.05,0.578,0.059,NEO,19.58,C
a0363067,363067 (2000 CO101),Y,Y,0.0229591,0.0900969021544832,1.076418764691297,0.979436768571656,15.32178392001643,0.6064969739782263,0.11,APO,19.1,C
a0363505,363505 (2003 UC20),Y,Y,0.0352,0.3369,0.7812,0.51801372,3.78,1.876,0.029,NEO,18.47,C
a0363599,363599 (2004 FG11),Y,Y,0.0203,0.724,1.586,0.43773600000000007,3.13,0.152,0.306,NEO,21.05,S
a0363626,363626 (2004 RA11),Y,N,0.395,0.3994,1.824,1.0954944,39.36,0.633,0.135,NEO,18.92,C
a0363814,363814 (2005 ND7),Y,N,0.188,0.4827,1.964,1.0159772,52.58,1.105,0.1,NEO,17.97,C
a0363831,363831 (2005 PY16),Y,Y,0.0429,0.5252,1.976,0.9382048,6.42,0.371,0.268,NEO,19.33,S
a0364762,364762 (2007 XC10),Y,N,0.411,0.2259,1.619,1.2532679,47.94,1.047,0.028,NEO,19.38,C
a0364877,364877 (2008 EM9),Y,N,0.135,0.8525,1.959,0.28895249999999995,9.44,0.786,0.317,NEO,17.34,S
a0365071,365071 (2009 AV),Y,Y,0.0218,0.0739,1.03,0.953883,45.87,0.674,0.246,NEO,18.18,S
a0365424,365424 (2010 KX7),Y,Y,0.0311,0.1709,0.9893,0.8202286299999999,21.49,0.212,0.075,NEO,21.91,C
a0365449,365449 (2010 NJ1),Y,N,0.155,0.5406,0.9685,0.4449289,11.22,0.215,0.264,NEO,20.28,S
a0366774,366774 (2004 TB18),Y,Y,0.0195,0.4508,1.815,0.996798,13.2,0.859,0.199,NEO,17.87,S
a0367248,367248 (2007 MK13),Y,Y,0.0348,0.1397,1.025,0.8818075,19.88,0.386,0.119,NEO,20.21,C
a0367684,367684 (2010 OS22),Y,N,0.159,0.6887,1.637,0.5095981,9.36,0.498,0.412,NEO,18.07,M
a0368184,368184 (2000 RN77),Y,N,0.107,0.3182,0.9513,0.64859634,16.1,0.381,0.193,NEO,19.36,S
a0369264,369264 (2009 MS),Y,Y,0.0435,0.5701,2.005,0.8619494999999998,52.37,1.515,0.232,NEO,16.34,S
a0369454,369454 (2010 NZ1),Y,N,0.274,0.6466,1.373,0.48521820000000004,32.76,0.846,0.036,NEO,19.09,C
a0371336,371336 (2006 KD1),Y,N,0.416,0.785,2.481,0.5334149999999999,30.79,1.137,0.18,NEO,17.38,S
a0371660,371660 (2007 CN26),Y,Y,0.00281,0.2692,1.293,0.9449244,7.58,0.23,0.16,NEO,21.09,S
a0373135,373135 (2011 SD173),Y,Y,0.00215,0.4975,1.653,0.8306324999999999,4.39,1.05,0.025,NEO,19.52,C
a0374449,374449 (2005 XD1),Y,N,0.15,0.3066,1.621,1.1240014,18.28,0.414,0.179,NEO,19.39,S
a0377732,377732 (2005 XJ8),Y,Y,0.016,0.6205,1.931,0.7328144999999999,23.56,0.986,0.288,NEO,17.06,S
a0380188,380188 (2000 WC67),Y,N,0.21,0.5826,2.673,1.1157102,9.93,1.312,0.037,NEO,18.81,C
a0381181,381181 (2007 LV19),Y,N,0.0866,0.3204,1.471,0.9996916,14.89,0.602,0.064,NEO,19.68,C
a0381677,381677 (2009 BJ81),Y,N,0.0979,0.4559,1.851,1.0071291,5.84,0.472,0.346,NEO,18.36,M
a0381906,381906 (2010 CL19),Y,Y,0.0113,0.6456,1.543,0.5468392000000001,7.31,0.52,0.451,NEO,17.8,M
a0381989,381989 (2010 HR80),Y,N,0.105,0.4958,1.347,0.6791573999999999,26.72,0.783,0.02,NEO,19.87,C
a0385186,385186 (1994 AW1),Y,Y,0.0182,0.0756,1.105,1.021462,24.1,0.811,0.223,NEO,17.64,S
a0385268,385268 (2001 RC12),Y,N,0.153,0.6428,3.21,1.146612,27.41,3.2,0.08,NEO,15.81,C
a0385343,385343 (2002 LV),Y,Y,0.00664,0.6051,2.314,0.9137986000000001,29.53,1.359,0.334,NEO,16.55,M
a0385402,385402 (2002 WZ2),Y,N,0.13,0.8845,2.462,0.28436100000000014,51.27,1.597,0.11,NEO,17.19,C
a0386454,386454 (2008 XM),Y,Y,0.0046,0.9092,1.222,0.11095759999999999,5.44,0.367,0.128,NEO,20.03,C
a0386720,386720 (2009 XC2),Y,N,0.393,0.5826,2.645,1.104023,25.78,0.964,0.244,NEO,17.04,S
a0386847,386847 (2010 LR33),Y,Y,0.0291,0.4625,1.692,0.90945,5.83,0.663,0.211,NEO,18.06,S
a0387505,387505 (1998 KN3),Y,Y,0.0183,0.8734,1.542,0.19521720000000006,2.29,1.06,0.074,NEO,18.78,C
a0387733,387733 (2003 GS),Y,N,0.0857,0.2186,0.8928,0.69763392,12.03,0.344,0.411,NEO,18.93,M
a0387746,387746 (2003 MH4),Y,Y,0.00218,0.5131,1.963,0.9557847,3.91,0.366,0.132,NEO,20.13,C
a0388185,388185 (2006 CX10),Y,N,0.26,0.5092,2.574,1.2633192,26.98,2.75,0.019,NEO,17.79,C
a0388189,388189 (2006 DS14),Y,N,0.155,0.3365,0.8638,0.5731313,26.54,0.315,0.123,NEO,20.53,C
a0388838,388838 (2008 EZ5),Y,N,0.0806,0.5065,2.091,1.0319085000000001,7.99,0.378,0.196,NEO,19.62,S
a0389694,389694 (2011 QD48),Y,Y,0.018,0.4922,1.545,0.784551,19.07,0.451,0.456,NEO,18.2,M
a0390725,390725 (2003 HB),Y,Y,0.0472,0.3803,0.8497,0.5265590899999999,18.12,0.293,0.271,NEO,19.69,S
a0391151,391151 (2005 YY93),Y,N,0.106,0.8811,2.584,0.3072376,24.8,1.745,0.084,NEO,17.23,C
a0391211,391211 (2006 HZ51),Y,Y,0.0335,0.45,1.898,1.0439,12.41,0.412,0.415,NEO,18.48,M
a0393359,393359 (1998 ME3),Y,N,0.111,0.4836,2.179,1.1252356,6.01,0.774,0.062,NEO,19.44,C
a0393569,393569 (2003 JC13),Y,N,0.143,0.3152,1.066,0.7299968000000001,8.51,0.551,0.048,NEO,20.3,C
a0394130,394130 (2006 HY51),Y,N,0.113,0.9684,2.589,0.0818123999999999,33.53,1.218,0.157,NEO,17.22,S
a0394392,394392 (2007 EP88),Y,N,0.143,0.8859,0.8373,0.09553592999999999,20.73,0.636,0.174,NEO,18.37,S
a0395143,395143 (2010 CN1),Y,N,0.144,0.439,1.499,0.840939,20.97,0.636,0.124,NEO,18.95,C
a0395207,395207 (2010 HQ80),Y,Y,0.00938,0.4897,1.568,0.8001504,27.84,0.724,0.022,NEO,19.61,C
a0397237,397237 (2006 KZ112),Y,N,0.531,0.8872,2.523,0.2845944,37.85,1.18,0.269,NEO,16.76,S
a0398188,398188 Agni (2010 LE15),Y,Y,0.0219,0.2733,0.8645,0.62823215,13.25,0.462,0.137,NEO,19.33,C
a0399325,399325 (1999 GY5),Y,N,0.0631,0.6148,1.146,0.4414392,24.43,0.669,0.039,NEO,20.18,C
a0399433,399433 (2001 YK4),Y,N,0.0646,0.7767,2.655,0.5928615000000002,4.38,1.339,0.021,NEO,18.58,C
a0401857,401857 (2000 PG3),Y,N,0.212,0.8554,2.826,0.4086395999999999,22.05,4.2,0.046,NEO,16.14,C
a0401925,401925 (2002 AT15),Y,N,0.31,0.4752,1.894,0.9939711999999998,36.38,0.475,0.342,NEO,18.48,M
a0406952,406952 (2009 KJ),Y,N,0.0894,0.7175,1.241,0.3505825,32.95,0.772,0.429,NEO,17.11,M
a0407324,407324 (2010 OB101),Y,N,0.112,0.5225,1.617,0.7721175,9.13,0.281,0.141,NEO,20.58,C
a0408751,408751 (1987 SF3),Y,N,0.0543,0.5344,2.254,1.0494624000000001,3.35,0.399,0.278,NEO,19.02,S
a0409256,409256 (2004 HO1),Y,N,0.331,0.5215,2.207,1.0560495,25.74,1.887,0.026,NEO,18.42,C
a0409836,409836 (2006 QY110),Y,Y,0.0319,0.5742,1.924,0.8192391999999998,6.4,0.554,0.331,NEO,18.07,S
a0410088,410088 (2007 EJ),Y,N,0.0573,0.6293,2.501,0.9271207,8.32,1.032,0.095,NEO,18.2,C
a0410777,410777 (2009 FD),Y,Y,0.0021,0.4931,1.164,0.5900316,3.12,0.472,0.01,NEO,22.18,C
a0410778,410778 (2009 FG19),Y,Y,0.0253,0.719,2.911,0.8179910000000001,54.5,1.457,0.048,NEO,18.15,C
a0411165,411165 (2010 DF1),Y,Y,0.0428,0.5028,1.599,0.7950227999999999,20.09,0.159,0.121,NEO,22.09,C
a0411201,411201 (2010 LJ14),Y,N,0.172,0.3418,1.626,1.0702331999999999,12.03,0.658,0.31,NEO,17.8,S
a0411611,411611 (2011 QF14),Y,N,0.0811,0.4833,2.026,1.0468341999999997,3.4,0.358,0.415,NEO,18.75,M
a0413038,413038 (2001 MF1),Y,N,0.341,0.577,2.649,1.120527,23.97,1.237,0.301,NEO,16.94,S
a0413123,413123 (2001 XS1),Y,N,0.205,0.5562,2.672,1.1858336,10.94,1.258,0.03,NEO,18.99,C
a0413192,413192 (2002 VY94),Y,N,0.174,0.6571,3.245,1.1127105,9.12,2.16,0.043,NEO,16.91,C
a0413421,413421 (2004 VA15),Y,N,0.236,0.5846,2.903,1.2059062,17.82,1.9,0.023,NEO,18.27,C
a0413820,413820 (2006 QR89),Y,N,0.271,0.3672,1.889,1.1953592,9.24,0.659,0.049,NEO,19.65,C
a0414286,414286 (2008 OC6),Y,Y,0.0306,0.1992,0.9231,0.73921848,21.85,0.369,0.471,NEO,18.59,M
a0414287,414287 (2008 OB9),Y,Y,0.0125,0.7597,3.201,0.7692002999999998,13.5,1.974,0.038,NEO,17.73,C
a0414429,414429 (2009 DC43),Y,N,0.0953,0.4894,1.8,0.9190799999999999,20.84,2.866,0.015,NEO,18.02,C
a0414586,414586 (2009 UV18),Y,N,0.221,0.6331,3.172,1.1638068000000001,8.34,0.996,0.709,NEO,16.13,M
a0414746,414746 (2010 EH20),Y,N,0.267,0.523,2.621,1.250217,23.87,1.8,0.019,NEO,17.86,C
a0414772,414772 (2010 OC103),Y,N,0.333,0.672,1.195,0.39196,23.11,1.466,0.019,NEO,19.14,C
a0415711,415711 (1998 WT7),Y,N,0.0849,0.11,1.152,1.02528,40.7,0.346,0.371,NEO,19.01,M
a0415986,415986 (2002 AT5),Y,N,0.22,0.5461,2.664,1.2091896,25.73,1.072,0.088,NEO,18.03,C
a0416071,416071 (2002 NV),Y,N,0.307,0.6171,2.666,1.0208114,22.27,0.803,0.189,NEO,18.05,S
a0416567,416567 (2004 EB),Y,N,0.197,0.6613,3.108,1.0526796,21.09,2.538,0.036,NEO,17.13,C
a0416694,416694 (2004 YR32),Y,N,0.246,0.6984,3.071,0.9262136,20.45,2.292,0.031,NEO,17.67,C
a0416801,416801 (2005 GC120),Y,Y,0.00561,0.4975,1.193,0.5994824999999999,16.54,0.906,0.031,NEO,19.64,C
a0417264,417264 (2006 AT2),Y,N,0.146,0.6046,2.697,1.0663938,21.13,1.93,0.062,NEO,17.06,C
a0417634,417634 (2006 XG1),Y,Y,0.0149,0.5956,2.458,0.9940152,20.49,0.418,0.154,NEO,18.57,S
a0418094,418094 (2007 WV4),Y,Y,0.019,0.4408,1.486,0.8309711999999999,38.34,0.89,0.042,NEO,19.65,C
a0418797,418797 (2008 VF),Y,N,0.209,0.3258,0.9059,0.61075778,26.2,0.789,0.063,NEO,19.41,C
a0418929,418929 (2009 DM1),Y,N,0.109,0.6407,2.894,1.0398142,15.2,1.432,0.137,NEO,17.03,C
a0419472,419472 (2010 DW1),Y,Y,0.00882,0.2002,1.225,0.9797550000000002,23.77,0.459,0.088,NEO,19.97,C
a0419624,419624 (2010 SO16),Y,Y,0.0306,0.0754,1.004,0.9282984,14.51,0.357,0.084,NEO,20.44,C
a0419880,419880 (2011 AH37),Y,Y,0.0353,0.672,2.548,0.8357439999999999,9.66,0.982,0.026,NEO,19.83,C
a0422638,422638 (1994 CB),Y,N,0.0545,0.1451,1.149,0.9822801,18.26,0.193,0.195,NEO,21.09,S
a0422686,422686 (2000 AC6),Y,Y,0.0462,0.2865,0.8537,0.60911495,4.7,0.176,0.143,NEO,21.6,C
a0422699,422699 (2000 PD3),Y,Y,0.0271,0.5919,1.999,0.8157919000000001,7.7,0.619,0.22,NEO,18.28,S
a0423321,423321 (2005 ED318),Y,Y,0.00676,0.4502,1.85,1.01713,2.39,0.202,0.212,NEO,20.9,S
a0424089,424089 (2007 DU103),Y,N,0.368,0.5016,2.463,1.2275592,23.26,2.314,0.027,NEO,17.56,C
a0424392,424392 (2007 YJ),Y,N,0.0512,0.2797,1.103,0.7944908999999999,3.31,0.239,0.054,NEO,22.11,C
a0428223,428223 (2006 WW),Y,N,0.399,0.8696,2.697,0.3516887999999999,31.81,2.525,0.101,NEO,16.02,C
a0429073,429073 (2009 ND1),Y,N,0.264,0.571,2.733,1.172457,11.83,2.498,0.041,NEO,17.23,C
a0429382,429382 (2010 NW117),Y,N,0.112,0.5328,2.354,1.0997888,3.41,0.448,0.463,NEO,18.34,M
a0429746,429746 (2011 SA16),Y,N,0.325,0.5328,2.732,1.2763904,20.12,1.275,0.131,NEO,17.27,C
a0431107,431107 (2006 GU),Y,N,0.154,0.584,2.698,1.122368,17.7,1.266,0.092,NEO,17.69,C
a0433953,433953 (1997 XR2),Y,Y,0.0011,0.2009,1.077,0.8606307,7.19,0.259,0.115,NEO,20.91,C
a0433992,433992 (2000 HD74),Y,N,0.274,0.5979,2.918,1.1733278,49.25,0.827,0.144,NEO,17.93,C
a0434096,434096 (2002 GO5),Y,Y,0.0311,0.7679,1.896,0.44006159999999994,13.77,0.528,0.431,NEO,18.15,M
a0434632,434632 (2005 WE),Y,N,0.129,0.2513,1.151,0.8617537,12.37,1.15,0.019,NEO,19.88,C
a0434633,434633 (2005 WB1),Y,Y,0.0454,0.3553,1.264,0.8149008000000001,22.88,0.31,0.039,NEO,20.7,C
a0434740,434740 (2006 GZ),Y,N,0.0828,0.3798,1.527,0.9470453999999999,12.48,0.997,0.031,NEO,19.49,C
a0435404,435404 (2008 AT28),Y,N,0.292,0.4424,2.21,1.2322959999999998,8.86,0.921,0.083,NEO,18.63,C
a0436030,436030 (2009 JO2),Y,N,0.0567,0.4784,0.8883,0.46333728,19.62,0.295,0.296,NEO,19.42,S
a0436324,436324 (2010 GZ6),Y,N,0.309,0.1441,1.401,1.1991159,44.84,0.369,0.205,NEO,19.44,S
a0436325,436325 (2010 GR7),Y,N,0.283,0.8456,1.831,0.28270639999999997,24.13,0.452,0.378,NEO,18.36,M
a0436329,436329 (2010 GX62),Y,Y,0.000481,0.6989,2.971,0.8945681000000001,21.82,0.622,0.012,NEO,20.09,C
a0436671,436671 (2011 SV71),Y,Y,0.0213,0.6081,2.635,1.0326565,13.39,2.159,0.024,NEO,18.0,C
a0436761,436761 (2012 DN),Y,N,0.103,0.5932,2.235,0.9091980000000001,19.95,2.773,0.013,NEO,18.2,C
a0437879,437879 (2001 RX11),Y,N,0.298,0.5462,2.767,1.2556645999999998,13.09,1.82,0.044,NEO,17.72,C
a0437994,437994 (2003 UL12),Y,N,0.254,0.7034,3.28,0.9728479999999998,19.81,1.078,0.2,NEO,17.48,S
a0438107,438107 (2005 GY110),Y,N,0.215,0.6864,1.849,0.5798464,12.65,0.663,0.191,NEO,18.36,S
a0438897,438897 (2009 WN),Y,N,0.174,0.2215,1.38,1.0743299999999998,32.79,0.946,0.06,NEO,18.83,C
a0438902,438902 (2009 WF104),Y,N,0.278,0.6559,3.083,1.0608602999999999,16.97,2.226,0.047,NEO,17.5,C
a0438990,438990 (2010 SG13),Y,N,0.0641,0.7485,1.252,0.31487799999999994,33.8,0.818,0.126,NEO,18.34,C
a0439889,439889 (2000 PG5),Y,N,0.116,0.458,2.088,1.131696,6.12,0.59,0.046,NEO,20.38,C
a0439898,439898 (2000 TG2),Y,N,0.163,0.2454,1.522,1.1485011999999999,12.0,0.53,0.063,NEO,19.99,C
a0441952,441952 (2010 LR68),Y,N,0.3,0.587,3.096,1.2786480000000002,4.71,2.246,0.017,NEO,18.39,C
a0441987,441987 (2010 NY65),Y,Y,0.0185,0.3701,1.004,0.6324196,11.54,0.228,0.071,NEO,21.35,C
a0442037,442037 (2010 PR66),Y,Y,0.00257,0.6874,2.928,0.9152927999999999,17.6,0.695,0.063,NEO,19.26,C
a0442605,442605 (2012 HY33),Y,N,0.163,0.5437,1.997,0.9112311000000002,14.7,0.44,0.209,NEO,19.29,S
a0442742,442742 (2012 WP3),Y,N,0.348,0.3842,2.1,1.29318,22.57,2.003,0.04,NEO,17.81,C
a0443806,443806 (1998 FL3),Y,Y,0.0397,0.2478,1.26,0.947772,26.38,0.288,0.034,NEO,21.72,C
a0443837,443837 (2000 TJ1),Y,N,0.0978,0.0808,1.16,1.0662719999999999,39.54,0.253,0.399,NEO,19.68,M
a0443880,443880 (2001 UZ16),Y,Y,0.0292,0.4265,1.76,1.00936,12.67,0.228,0.593,NEO,19.38,M
a0443923,443923 (2002 RU25),Y,N,0.248,0.4826,2.178,1.1268972000000002,28.9,3.316,0.018,NEO,17.57,C
a0444193,444193 (2005 SE71),Y,Y,0.00228,0.1944,1.07,0.861992,24.83,0.437,0.503,NEO,18.19,M
a0445025,445025 (2008 NS1),Y,N,0.17,0.8092,2.408,0.4594463999999999,13.47,2.098,0.04,NEO,17.43,C
a0445305,445305 (2010 DM56),Y,Y,0.00703,0.2926,1.306,0.9238644,25.6,0.762,0.025,NEO,19.81,C
a0450237,450237 (2002 XY38),Y,N,0.00309062,0.217282504618565,0.910894476885767,0.71297304350481,2.101354762958294,0.096,0.134,ATE,22.9,C
a0451124,451124 (2009 KC3),Y,Y,0.00903145,0.6994948435243494,3.205478514196984,0.9632628224881008,10.02324196957869,2.188,0.023,APO,18.0,C
a0451217,451217 (2009 XE11),Y,N,0.37874,0.6113695755942465,3.314475635443911,1.288106072885097,14.06488884409661,2.72,0.038,AMO,17.0,C
a0452389,452389 (2002 NW16),Y,N,0.0677546,0.0303518710769722,1.108795159917566,1.075141152172977,14.16476421932802,0.846,0.156,AMO,18.1,S
a0453687,453687 (2010 VY190),Y,N,0.299706,0.3088974355136597,1.809327236795112,1.250430693344086,19.97270975080759,0.948,0.037,AMO,19.2,C
a0455192,455192 (2000 QN130),Y,N,0.236614,0.575802725671689,2.883382327476609,1.223122924161999,2.681757721127145,1.082,0.121,AMO,18.1,C
a0456537,456537 (2007 BG),Y,N,0.0520375,0.3307717722001421,0.7866826000986568,0.5264702023050083,12.73922527329376,0.308,0.242,ATE,19.5,S
a0458135,458135 (2010 GE25),Y,N,0.219741,0.4689552134725243,2.065289111248913,1.096761015200699,21.65305737158248,0.304,0.23,AMO,20.2,S
a0462238,462238 (2008 CN1),Y,Y,0.0340874,0.3476793006730484,0.7707256886100087,0.5027603201833273,7.2180317646024,0.227,0.197,ATE,20.6,S
a0462775,462775 (2010 GY6),Y,N,0.0933998,0.2342874200659434,1.286517546008512,0.9851026692846088,21.90765113611698,0.579,0.028,APO,19.4,C
a0464798,464798 (2004 JX20),Y,N,0.0957456,0.2658083726185219,0.9015648591634424,0.6619213711391608,10.53101322887041,1.109,0.025,ATE,19.4,C
a0464885,464885 (2005 LS3),Y,N,0.177964,0.2679330723124434,1.489657553288053,1.090529028342148,34.89371496190271,0.384,0.19,AMO,19.5,S
a0465749,465749 (2009 WO6),Y,N,0.348866,0.5820911148960657,3.084571879766474,1.289069995296154,28.76287797409316,2.49,0.034,AMO,17.2,C
a0465826,465826 (2010 GA24),Y,Y,0.0499165,0.5456482789377984,2.09786526820308,0.9531686951646864,7.688690048502414,0.15,0.285,APO,21.0,S
a0467372,467372 (2004 LG),Y,N,0.517468,0.8968545503697484,2.064457771148684,0.2129394250477981,71.15364254084609,0.874,0.146,APO,18.0,C
a0468117,468117 (2014 ED),Y,N,0.36538,0.6383203112274751,1.546194372417397,0.5592270993977535,21.77760537246037,0.493,0.139,APO,19.1,C
a0468468,468468 (2004 KH17),Y,Y,0.00352913,0.498312188584604,0.7121065677945697,0.357255185491387,22.12359882004321,0.197,0.072,ATE,21.9,C
a0468727,468727 (2010 JE87),Y,Y,0.0351905,0.4368634222616627,0.9043698333999014,0.5092837329906107,16.92207512814576,0.308,0.108,ATE,20.7,C
a0469445,469445 (2002 LT24),Y,Y,0.0113478,0.495822883859008,0.7200756009267175,0.3630456398787243,0.7634235890086972,0.143,0.136,ATE,22.1,C
a0469494,469494 (2002 XS40),Y,N,0.154636,0.3380494315886226,1.49710981227459,0.9910126912094152,11.62859307376072,0.758,0.028,APO,20.1,C
a0471083,471083 (2009 XF2),Y,N,0.064454,0.2467869917948965,1.285529239384218,0.9682773455322056,14.01397430549045,0.244,0.271,APO,19.9,S
a0474425,474425 (2002 YF4),Y,N,0.429804,0.333958909988099,1.754824576951149,1.168785274012216,33.67410981248384,0.358,0.368,AMO,18.8,M
a0475016,475016 (2005 UO),Y,N,0.00236581,0.5824230488104407,1.350796812281742,0.5640616145491852,7.707785631427023,0.164,0.094,APO,22.1,C
a0475950,475950 (2007 FE1),Y,N,0.0664235,0.5476486985718375,2.018858486476443,0.9132332637569094,9.845173464629518,0.389,0.353,APO,18.7,M
a0476438,476438 (2008 EB9),Y,N,0.344896,0.217262908342743,1.56280261966832,1.223263577353523,21.34855665033712,0.433,0.065,AMO,20.4,C
a0477490,477490 (2010 CG18),Y,N,0.129758,0.2260840340549252,1.438617046037131,1.113368700808876,10.15539405163464,0.652,0.017,AMO,20.6,C
a0477491,477491 (2010 CD19),Y,N,0.0722165,0.5787357293340424,2.256913325547024,0.9507569460428482,20.7528966703304,0.739,0.25,APO,17.9,S
a0477519,477519 (2010 DJ56),Y,Y,0.0272259,0.2453348864885957,1.24995906612907,0.943300500524904,34.8424116836576,0.321,0.327,APO,19.2,S
a0477524,477524 (2010 EH43),Y,N,0.225575,0.0440543375214764,1.277834772757925,1.221540608382168,37.54233998632009,0.991,0.054,AMO,18.8,C
a0477588,477588 (2010 JD87),Y,N,0.283505,0.6397802537912884,1.427566370475137,0.5142375956686454,24.6091682841979,0.692,0.093,APO,19.4,C
a0477762,477762 (2010 XZ67),Y,N,0.0610454,0.4949766364170464,2.059358919193606,1.040024368195711,11.85627039451582,0.326,0.201,AMO,19.7,S
a0480936,480936 (2003 QH5),Y,Y,0.00692542,0.220534850815555,1.260246394331391,0.9823181437666768,17.6137843895207,0.537,0.056,APO,20.1,C
a0481327,481327 (2006 BB27),Y,N,0.0503428,0.2457429666223628,1.362335314358109,1.027550992673338,27.15704427667384,0.216,0.378,AMO,20.0,M
a0482054,482054 (2010 AE),Y,N,0.147033,0.3769405655429116,1.488713601754443,0.9275570547776986,15.97614829172552,0.413,0.18,APO,19.5,S
a0482055,482055 (2010 AH30),Y,N,0.21326,0.5495425787609098,2.289663190753937,1.031395776413085,43.34567479062229,1.855,0.022,AMO,18.4,C
a0482111,482111 (2010 NT1),Y,N,0.206717,0.2181009076190981,1.458309786461515,1.140251098444445,39.52375595509788,0.383,0.209,AMO,19.5,S
a0483508,483508 (2003 CR1),Y,Y,0.0270611,0.4628551706479,1.453033573082674,0.780489470656365,12.72073173613535,0.202,0.433,APO,20.1,M
a0485110,485110 (2010 HZ108),Y,N,0.107954,0.2084589405246154,1.248385493709248,0.9881483763243196,22.88131758549654,0.356,0.055,APO,20.9,C
a0488494,488494 (2000 JA3),Y,N,0.220556,0.4575268048842711,2.252532653328471,1.221938585553606,10.19319414681382,0.766,0.1,AMO,18.7,C
a0488789,488789 (2004 XK50),Y,Y,0.0422684,0.6886737605317578,1.451277602103238,0.4518207982872892,38.21622889979377,1.039,0.038,APO,19.3,C
a0488803,488803 (2005 GB120),Y,N,0.0736754,0.3947480183703765,0.7911526115197399,0.4788466858937743,9.146761348838664,0.209,0.283,ATE,20.5,S
a0489203,489203 (2006 JT),Y,N,0.258203,0.4817378594948248,2.399511573661577,1.24357600433279,36.36650227737745,1.52,0.019,AMO,18.9,C
a0490581,490581 (2009 WZ104),Y,Y,0.0305972,0.1927616917033665,0.8553669665751508,0.6904849830709477,9.834514159737951,0.237,0.314,ATE,20.0,S
a0492478,492478 (2014 NB39),Y,N,0.287387,0.685946344627065,1.675139502238054,0.5260836839374596,17.02138735740697,1.084,0.024,APO,19.7,C
a0495858,495858 (2003 MJ4),Y,N,0.0919751,0.5619388432256567,2.303813709247754,1.009211298465662,5.310421596226674,0.342,0.548,APO,18.8,M
a0496174,496174 (2011 CQ4),Y,N,0.167244,0.5825818676185828,2.002613702800816,0.8359272717045513,23.74713178145628,0.657,0.179,APO,18.4,S
a0496837,496837 (1998 SB15),Y,N,0.112642,0.1614266784509822,1.226358285642283,1.028391341000208,15.62591029674672,0.337,0.062,AMO,21.0,C
a0498066,498066 (2007 RM133),Y,N,0.220716,0.4402796034829624,2.210204329034525,1.237096443430877,10.74586093530812,0.589,0.268,AMO,18.1,S
a0498143,498143 (2007 TR65),Y,N,0.29655,0.5613427645734576,1.154333855559101,0.506356897838817,43.49505978478817,1.531,0.023,APO,18.9,C
a0499490,499490 (2010 MW),Y,N,0.386445,0.471178400748652,2.276930382391687,1.204089966200356,21.35560847079732,1.202,0.031,AMO,18.9,C
a0499496,499496 (2010 MR87),Y,N,0.150869,0.3907263352245834,1.73387755568691,1.056405932625205,34.98698232821892,0.357,0.22,AMO,19.4,S
a0499582,499582 (2010 TH19),Y,Y,0.0364722,0.3102604732247172,1.464329986643119,1.010006272030081,6.827169991826329,0.461,0.044,APO,20.5,C
a0503941,503941 (2003 UV11),Y,Y,0.00754553,0.7628994167570947,1.453425578819406,0.3446080524382383,5.924351589928552,0.26,0.376,APO,19.5,M
a0504800,504800 (2010 CO1),Y,Y,0.0225444,0.2178041007977326,1.012357295483633,0.7918617250547957,24.02107955710619,0.38,0.032,APO,21.9,C
a0504827,504827 (2010 KZ117),Y,N,0.16609,0.5126404564564622,2.269165249855662,1.105899340394514,33.17035314224209,0.615,0.092,AMO,19.1,C
a0505657,505657 (2014 SR339),Y,Y,0.0357214,0.3038825529602104,1.299766487361232,0.9047901289297756,29.79435516785398,0.971,0.068,APO,18.6,C
a0506590,506590 (2005 XB1),Y,N,0.0708588,0.4188050106167246,1.130933312711197,0.6572927746743769,8.708736189889107,0.099,0.287,APO,22.0,S
a0510055,510055 (2010 FH81),Y,Y,0.0352487,0.2104800408773944,1.225559879012528,0.9676039855802768,16.79409846613272,0.2,0.094,APO,21.6,C
a0510073,510073 (2010 JF88),Y,N,0.148511,0.6582486146625403,2.232797678612416,0.7630616998440575,17.31117008349373,0.451,0.316,APO,18.5,S
a0511008,511008 (2013 PX6),Y,Y,0.0288549,0.6518017169644573,2.594559387619253,0.903421124002773,13.66537344277271,1.647,0.028,APO,18.5,C
a0511243,511243 (2014 BS32),Y,N,0.314589,0.2169738931389797,1.576285388470325,1.234272611035829,11.64542024696257,1.195,0.037,AMO,18.7,C
a0513550,513550 (2010 NG3),Y,N,0.12347,0.5675825964634759,2.604382573312911,1.12618035016774,26.96899844958528,1.451,0.111,AMO,17.2,C
a0514041,514041 (2014 MQ18),Y,N,0.194428,0.599351244959945,2.898192407462098,1.161157179916229,35.0727365570129,5.272,0.037,AMO,15.5,C
a0514652,514652 (2005 SC71),Y,N,0.331984,0.3826861813698918,1.910093737956065,1.179127259319116,32.38232805184288,0.741,0.154,AMO,18.3,S
a0515049,515049 (2010 FL),Y,N,0.140758,0.6548945686678002,1.91646843835272,0.6613836670522628,11.40804488312488,0.351,0.273,APO,19.3,S
a0516803,516803 (2010 JG88),Y,N,0.0533419,0.3845001726217264,1.37366577362709,0.8454910465429167,30.61071128545348,0.463,0.144,APO,19.5,C
a0516984,516984 (2012 PN28),Y,N,0.152674,0.5323379601528565,1.77986647953455,0.8323759884746819,24.50133578034243,1.824,0.04,APO,18.1,C
a0518507,518507 (2006 EE1),Y,N,0.0731374,0.2763958013597573,1.202633078468343,0.8702303450033336,36.40394317725342,0.794,0.034,APO,19.8,C
a0518810,518810 (2010 CF19),Y,Y,0.0326448,0.2698831795191632,1.192942235293685,0.8709871918499279,7.177210236103829,0.083,0.448,APO,21.7,M
a0520808,520808 (2014 TF64),Y,N,0.131867,0.4182177664548953,1.613273078701546,0.9385736150451728,52.67355751842612,0.704,0.032,APO,20.1,C
a0523589,523589 (2001 HA4),Y,Y,0.0224483,0.794410971630161,2.685901633194864,0.552191907065496,17.17621121148314,1.851,0.047,APO,17.7,C
a0523595,523595 (2002 OS4),Y,N,0.298105,0.4538280945768504,1.923462350689348,1.050541097085691,26.81095871287623,0.658,0.195,AMO,18.3,S
a0523631,523631 (2009 SX1),Y,N,0.0733037,0.4470322242976021,1.722649641437221,0.9525697405400734,8.289639541556477,0.564,0.167,APO,18.8,S
a0523632,523632 (2009 UX17),Y,N,0.149878,0.0834881726852821,1.189207799391117,1.089923013276867,10.80437200530494,0.309,0.042,AMO,21.5,C
a0523636,523636 (2010 EX119),Y,N,0.159377,0.5950719793058451,1.903420932500406,0.7707484707452119,15.56509794685417,0.55,0.086,APO,19.3,C
a0523637,523637 (2010 LT108),Y,N,0.138223,0.3707256239482393,1.349116996768382,0.848964756362249,31.87381868563075,0.602,0.059,APO,19.7,C
a0523747,523747 (2014 US192),Y,N,0.230387,0.7594336799177149,2.202437536669112,0.5298322934075811,14.65527561711614,0.873,0.077,APO,18.8,C
a0523816,523816 (2009 ST103),Y,Y,0.043598,0.7207775084118476,2.694414535775786,0.7523411400506499,15.82663905640652,0.851,0.141,APO,18.1,C
a0529668,529668 (2010 JL33),Y,Y,0.0306797,0.7345993784581879,2.680149595870604,0.7113133685690949,5.373017918267534,1.778,0.047,APO,17.7,C
a0529718,529718 (2010 KY127),Y,N,0.707567,0.8826707385757512,2.489961872229567,0.2921453874432349,60.77376560175553,1.77,0.129,APO,17.0,C
a0529720,529720 (2010 LM14),Y,N,0.312406,0.3794024061095091,1.110574977579591,0.68922015892088,25.92034010266814,0.361,0.037,APO,21.2,C
a0529753,529753 (2010 MF1),Y,Y,0.0423801,0.5883656136151686,2.499804747943553,1.029005593501632,9.10289337481198,0.363,0.178,AMO,19.6,S
a0529819,529819 (2010 PM58),Y,N,0.096571,0.4595927300540181,1.371294105218734,0.7410573036942742,13.59193184192324,0.259,0.095,APO,20.8,C
a0530938,530938 (2011 XE),Y,N,0.0530362,0.4634295862656622,0.7837486319662827,0.4205363277178696,20.72815034626715,0.413,0.197,ATE,19.3,S
a0532874,532874 (2013 YZ13),Y,N,0.135444,0.2617074970393024,1.390495883165421,1.026592685938744,31.2202636534006,0.31,0.266,AMO,19.5,S
a0533722,533722 (2014 NE52),Y,Y,0.0357456,0.6584768463363215,2.383884207989494,0.8141516526816125,3.859484230003424,0.701,0.249,APO,18.0,S
bj96g00q,       (1996 GQ),Y,N,0.0200855,0.4956084978805848,1.987784709098231,1.002621715312062,0.8847553057427907,0.208,0.024,APO,23.1,C
bj98w02b,       (1998 WB2),Y,Y,0.0145239,0.5876763406622492,1.975158007148216,0.8144043772776121,2.382617276889408,0.15,0.151,APO,21.8,S
bj99xd6k,       (1999 XK136),Y,Y,0.0117591,0.7023690359814393,2.377034910748092,0.707479191991728,2.685296289704656,0.811,0.02,APO,20.3,C
bk00a06a,       (2000 AA6),Y,Y,0.00754314,0.5192994264233548,1.286450836994165,0.6183976552212506,2.034230447925611,0.316,0.026,APO,22.1,C
bk00ak5g,       (2000 AG205),Y,N,0.26437,0.5216631652362028,2.290612722296931,1.095684439253199,18.41438813046534,0.955,0.026,AMO,19.7,C
bk00r52e,       (2000 RE52),Y,N,0.0310479,0.2478317710442385,1.154520081195812,0.868393324766916,18.45970096747185,0.149,0.095,APO,22.3,C
bk01sq2j,       (2001 SJ262),Y,N,0.259089,0.5748274027297432,2.945134762271759,1.252190596186004,10.80228930631068,0.34,0.177,AMO,19.9,S
bk02b25f,       (2002 BF25),Y,N,0.0185888,0.2218122021353841,1.07325851339378,0.8351966790773572,6.275605671038014,0.152,0.1,APO,22.2,C
bk02b26m,       (2002 BM26),Y,Y,0.0319956,0.4442954814445229,1.832967847502505,1.018588515224049,16.21773414977555,0.84,0.023,AMO,20.1,C
bk02c46t,       (2002 CT46),Y,N,0.12462,0.5288371677236042,2.36464213505264,1.114131485671505,15.70391567012609,0.16,0.32,AMO,20.8,S
bk02c58x,       (2002 CX58),Y,Y,0.0333241,0.6605574687575794,2.800053847528087,0.9504573656200128,2.539053260247474,0.13,0.126,APO,22.3,C
bk02ja0r,       (2002 JR100),Y,N,0.0194458,0.2987792087183025,0.9234787513955832,0.6475625007854448,3.708448666760523,0.028,0.441,ATE,24.3,M
bk03c11c,       (2003 CC11),Y,N,0.297442,0.5909136814453425,3.137130259111837,1.28335706852648,11.52634304445687,1.129,0.032,AMO,19.1,C
bk03sl4s,       (2003 SS214),Y,N,0.109045,0.5362560717321024,2.363323520823168,1.095976933314454,8.117016571502456,0.856,0.022,AMO,20.0,C
bk04b74z,       (2004 BZ74),Y,N,0.0520586,0.8891170251321857,3.06152572082669,0.3394710795595928,17.02991894173222,0.962,0.11,APO,18.1,C
bk04m02x,       (2004 MX2),Y,Y,0.000740554,0.7182602437227147,2.763203530528212,0.7785042892355528,18.10212598223295,1.258,0.021,APO,19.3,C
bk04s56c,       (2004 SC56),Y,N,0.0104655,0.4284263352144578,0.7676137726920522,0.4387478171974525,4.781466671591562,0.291,0.017,ATE,22.7,C
bk04t10g,       (2004 TG10),Y,Y,0.0224973,0.8618441028987675,2.23337971972461,0.3085545787462529,4.181102736715494,1.316,0.018,APO,19.4,C
bk05c37r,       (2005 CR37),Y,N,0.0642406,0.4673796431587544,1.905132998649957,1.014712617570972,26.05966189110338,1.201,0.034,APO,18.9,C
bk05q00l,       (2005 QL),Y,N,0.294331,0.5017681638381898,2.447341437954716,1.219343418347063,10.71652858775002,1.847,0.017,AMO,18.6,C
bk06o15g,       (2006 OG15),Y,N,0.194057,0.630242963046563,2.54114600434342,0.9396066170320888,17.13447559295809,0.365,0.159,APO,19.8,S
bk07e00f,       (2007 EF),Y,Y,0.0252961,0.4100506244155415,0.820298521186241,0.4839346003666776,21.73506535959754,0.26,0.072,ATE,21.4,C
bk07r10u,       (2007 RU10),Y,N,0.101517,0.6870609425682415,2.274557570938645,0.7117979023238097,15.35501139085516,0.922,0.048,APO,19.1,C
bk07vi9g,       (2007 VG189),Y,N,0.101066,0.5126555195866951,2.150088667390861,1.047833844452134,6.017253735446415,0.505,0.065,AMO,19.5,C
bk07y00z,       (2007 YZ),Y,N,0.108322,0.3610213179716097,1.042316586487559,0.6660180786901513,16.42119583386759,0.532,0.09,APO,19.6,C
bk08n03p,       (2008 NP3),Y,N,0.0152687,0.3340324662065472,1.005000388887121,0.6692976304486168,1.429513899567812,0.193,0.023,APO,23.3,C
bk08q11s,       (2008 QS11),Y,Y,0.00733831,0.4827387809378731,1.860691305714369,0.962463453092115,12.48726094952476,0.453,0.094,APO,19.9,C
bk08w59b,       (2008 WB59),Y,N,0.161636,0.1881078191569085,1.045033313833161,0.8484543762216877,25.6452931305698,0.407,0.203,APO,19.3,S
bk08y32z,       (2008 YZ32),Y,N,0.0512029,0.6205490967722311,1.037490969256671,0.3936768853750974,16.54578858720019,0.382,0.111,APO,20.1,C
bk09f04y,       (2009 FY4),Y,Y,0.0431221,0.3273592887075155,1.012545986410753,0.681079652515679,20.98118997215846,0.129,0.421,APO,21.0,M
bk09s00p,       (2009 SP),Y,N,0.347551,0.4950710911667937,2.218972057951305,1.120423139952727,25.26803192991619,0.485,0.119,AMO,19.5,C
bk09u00k,       (2009 UK),Y,N,0.0586047,0.4832712541144606,1.978030361706274,1.022105148128003,3.531084537295885,0.28,0.225,AMO,19.9,S
bk09u01p,       (2009 UP1),Y,N,0.0705276,0.4030189621850027,1.516191890381212,0.9051378082464588,17.27498155384337,0.615,0.035,APO,19.8,C
bk09u19y,       (2009 UY19),Y,N,0.0114131,0.0308121708662053,1.023509784957551,0.9919732265802064,9.053310945417966,0.105,0.063,APO,23.4,C
bk09w00a,       (2009 WA),Y,N,0.0703321,0.1447731665114351,1.135721637351052,0.9712996196361882,29.84050673557465,0.164,0.217,APO,21.2,S
bk09x00d,       (2009 XD),Y,N,0.197138,0.6740115737922036,2.448656103430305,0.7982335494813604,31.46603021247935,0.615,0.154,APO,18.7,S
bk10a02n,       (2010 AN2),Y,N,0.0668345,0.4994718379240344,1.679370226438685,0.8405720928844531,8.467345827638757,0.123,0.155,APO,22.2,S
bk10a30e,       (2010 AE30),Y,N,0.0073094,0.4167082359852693,1.26770127383795,0.7394397122606592,5.966836136723942,0.05,0.259,APO,23.6,S
bk10a30j,       (2010 AJ30),Y,N,0.0459144,0.3020521039810514,0.8116580501962067,0.5664950284212847,7.592967250329448,0.111,0.12,ATE,22.7,C
bk10a40g,       (2010 AG40),Y,N,0.0336468,0.6082817244480845,1.754960960774447,0.6874502812154991,2.030438026642511,0.089,0.319,APO,22.0,S
bk10a78b,       (2010 AB78),Y,N,0.205326,0.5469566723032977,2.254082961544544,1.021197245802578,33.26393975940655,1.671,0.03,AMO,18.2,C
bk10a79g,       (2010 AG79),Y,N,0.236594,0.5809413452276627,2.899707684646786,1.215147601561091,33.00201062120816,0.892,0.018,AMO,20.0,C
bk10b00c,       (2010 BC),Y,N,0.0158979,0.5686010433430784,1.936015578323508,0.8351951005603081,9.56602318614198,0.08,0.433,APO,22.2,M
bk10b02h,       (2010 BH2),Y,N,0.356267,0.4631546667967841,2.35033675961184,1.261767320853585,24.62182748420553,0.363,0.213,AMO,19.5,S
bk10b02k,       (2010 BK2),Y,Y,0.032861,0.4478121655843343,0.9038445221280156,0.4990919493223311,6.045735485530354,0.118,0.205,ATE,22.0,S
bk10c00m,       (2010 CM),Y,N,0.265285,0.5312913006620646,2.626272595031191,1.230956812123934,7.432985066133022,1.168,0.057,AMO,18.2,C
bk10c01k,       (2010 CK1),Y,N,0.0536338,0.2153961740834699,1.146585989693644,0.8996157542559244,27.27671259558836,0.084,0.063,APO,24.0,C
bk10c18h,       (2010 CH18),Y,N,0.330491,0.5705952945281126,2.60614117233248,1.119089282523588,27.14325446729361,0.394,0.286,AMO,19.0,S
bk10c19c,       (2010 CC19),Y,N,0.0543604,0.7510776524464398,1.099100632122349,0.2735907095454971,46.11959470816301,0.104,0.196,APO,22.3,S
bk10c44n,       (2010 CN44),Y,Y,0.0251349,0.676074235654792,2.851292335283933,0.9236070490784812,3.844418384606414,0.34,0.185,APO,19.6,S
bk10c44o,       (2010 CO44),Y,N,0.0277331,0.2305689728649623,1.070310316727088,0.8235299663525505,6.181783942154926,0.034,0.218,APO,24.6,S
bk10c55b,       (2010 CB55),Y,N,0.0444321,0.1480798790990869,1.133183166806819,0.9653815404689448,25.92141434426444,0.198,0.037,APO,22.7,C
bk10c55c,       (2010 CC55),Y,N,0.0792969,0.4690968239429129,1.545988317181974,0.8207701077390616,6.78461491446013,0.242,0.033,APO,22.5,C
bk10c55d,       (2010 CD55),Y,N,0.011793,0.2013026615754631,1.023996057735353,0.8178629258704446,5.930626384263698,0.083,0.145,APO,23.3,C
bk10c55f,       (2010 CF55),Y,N,0.0535882,0.761234151801202,1.900280172817218,0.4537220072780614,5.152003618967228,0.176,0.119,APO,21.7,C
bk10ce0p,       (2010 CP140),Y,N,0.0980619,0.5388296303843186,1.899680126284732,0.8760761859902939,14.48377305544506,0.556,0.11,APO,19.5,C
bk10ce1n,       (2010 CN141),Y,N,0.0599273,0.3990937679827694,1.516206373444621,0.9110978588271176,23.79842611826347,0.254,0.03,APO,22.4,C
bk10ch1j,       (2010 CJ171),Y,N,0.113121,0.4906149276569559,1.996674592573156,1.017076231783395,7.378017868490478,0.134,0.358,AMO,21.1,M
bk10d00l,       (2010 DL),Y,N,0.0186057,0.3137927824281528,1.352697503986811,0.9282307904271724,2.567788024983534,0.019,0.08,APO,27.0,C
bk10d00o,       (2010 DO),Y,Y,0.0173311,0.7458738828106036,1.612823296222458,0.409860521981617,11.93761073492333,0.149,0.176,APO,21.7,S
bk10d01x,       (2010 DX1),Y,N,0.0711917,0.7057721047014591,2.590305377349801,0.7621400993581247,20.23900901036244,0.167,0.146,APO,21.6,C
bk10d21m,       (2010 DM21),Y,N,0.259416,0.6568072078858856,2.862179132231037,0.9822792479211224,21.15263896174155,0.303,0.133,APO,20.2,C
bk10d34k,       (2010 DK34),Y,N,0.331537,0.7651257485035071,2.776940802093949,0.6522318923418869,27.40987774025836,0.283,0.152,APO,20.4,S
bk10d56h,       (2010 DH56),Y,N,0.334031,0.5661264766044407,2.237689612975267,0.9708742766472248,33.66480368460428,0.774,0.022,APO,20.3,C
bk10d64f,       (2010 DF64),Y,N,0.285079,0.2278807057785793,1.608256779780852,1.241766089731206,24.79278044654593,1.699,0.051,AMO,20.0,C
bk10d77h,       (2010 DH77),Y,N,0.148998,0.7082041142240845,3.26810375876697,0.9536192310970067,34.33705470340725,0.52,0.009,APO,21.4,C
bk10e11x,       (2010 EX11),Y,N,0.0277628,0.1096735194900076,0.956049678971669,0.8511963458715542,9.7454802818434,0.04,0.234,ATE,24.1,S
bk10e21g,       (2010 EG21),Y,N,0.0402082,0.2264429193515939,0.8443654193594359,0.6531648488001524,9.706161561644327,0.09,0.038,ATE,24.4,C
bk10e43c,       (2010 EC43),Y,N,0.00477493,0.6043251401661014,2.431533955714494,0.9620968571086976,0.78158796326827,0.051,0.434,APO,23.0,M
bk10e43k,       (2010 EK43),Y,N,0.0761296,0.6536062427403954,1.397307379848111,0.4840185533521609,7.878902878850454,0.233,0.068,APO,21.6,C
bk10f00c,       (2010 FC),Y,N,0.0762945,0.2401235242840199,1.329799868912905,1.010483637797111,7.04119356135169,0.093,0.051,APO,24.0,C
bk10f00k,       (2010 FK),Y,N,0.0330291,0.0970909190160113,0.9400429061960472,0.8487732765189909,12.67242698614271,0.087,0.071,ATE,23.8,C
bk10f00q,       (2010 FQ),Y,Y,0.00376038,0.3563490941999953,1.527140828793466,0.9829455777370844,10.5561876187313,0.285,0.204,APO,20.0,S
bk10f00s,       (2010 FS),Y,N,0.00868534,0.3175207221400699,0.7799517944033373,0.5323009374099463,9.120002993183704,0.023,0.548,ATE,24.2,M
bk10f00t,       (2010 FT),Y,N,0.0129216,0.1945545977844582,1.090090121466374,0.8780080763356723,5.604376994438395,0.018,0.294,APO,25.7,S
bk10f06d,       (2010 FD6),Y,N,0.0027539,0.4356512566879174,1.447191592965108,0.8167207568216698,0.4589834255073741,0.008,0.497,APO,26.8,M
bk10f07d,       (2010 FD7),Y,N,0.0551017,0.6857896512343803,2.583185754160696,0.8116636967412126,6.175001289664514,0.075,0.448,APO,22.1,M
bk10f07e,       (2010 FE7),Y,N,0.00231169,0.5532723019167199,1.949639821910807,0.8709581097337109,1.549954616699713,0.045,0.288,APO,23.7,S
bk10f09r,       (2010 FR9),Y,N,0.0151696,0.3812558299045926,1.579323205458119,0.9771970260736028,5.716373755554669,0.015,0.287,APO,26.1,S
bk10f09w,       (2010 FW9),Y,N,0.00205764,0.432591385379017,1.641598635502547,0.9314572075341964,3.76705619502725,0.024,0.075,APO,26.7,C
bk10f09x,       (2010 FX9),Y,N,0.013886,0.366988215691225,1.131501407234373,0.7162537247413201,3.780271960151342,0.03,0.425,APO,24.2,M
bk10f10f,       (2010 FF10),Y,Y,0.0376135,0.6317752489014721,2.379899310741219,0.8763378313372435,5.077110407659165,0.095,0.407,APO,21.7,M
bk10f80x,       (2010 FX80),Y,N,0.534012,0.4549099021446444,2.169165830879132,1.1823908150184,36.96465173883563,0.676,0.022,AMO,20.6,C
bk10f80y,       (2010 FY80),Y,N,0.138298,0.6125175826491126,2.69354770350364,1.043702375403522,18.8119764967283,0.451,0.118,AMO,19.5,C
bk10f80z,       (2010 FZ80),Y,N,0.300458,0.7457345063008579,2.746073773074559,0.6982318036450686,27.37892177589018,0.867,0.018,APO,20.3,C
bk10f81a,       (2010 FA81),Y,N,0.0339111,0.1518958032174261,1.195151813893326,1.013613269155235,15.47756250369416,0.097,0.224,APO,22.4,S
bk10f81b,       (2010 FB81),Y,N,0.0919883,0.6054789087036525,2.576582714840289,1.016516224474097,9.477392204208348,0.319,0.048,APO,21.4,C
bk10f81c,       (2010 FC81),Y,Y,0.026114,0.6233092632200352,2.67641430197387,1.008180475338972,1.682625715729447,0.402,0.021,APO,21.8,C
bk10f81g,       (2010 FG81),Y,N,0.0184894,0.3933325872209067,1.659472240167175,1.006747730520946,7.968435115318584,0.105,0.058,APO,23.3,C
bk10f81j,       (2010 FJ81),Y,N,0.129854,0.6833089303069636,3.605664416555762,1.141881721033162,42.47701918278268,0.416,0.049,AMO,20.7,C
bk10f92o,       (2010 FO92),Y,N,0.0805775,0.5182959591973096,2.144925407684088,1.033219236101783,6.758822884645314,0.268,0.277,AMO,20.0,S
bk10g05z,       (2010 GZ5),Y,N,0.0476521,0.5849240712353977,1.432731727166431,0.594692452324119,6.111701713356906,0.071,0.281,APO,22.8,S
bk10g06b,       (2010 GB6),Y,N,0.0936684,0.2447713332899196,0.8819668566557345,0.666086653234591,35.31421642451072,0.134,0.142,ATE,22.1,C
bk10g06t,       (2010 GT6),Y,N,0.0855888,0.5897428131997612,1.48952196467819,0.611087090906039,10.01613867517396,0.116,0.3,APO,21.6,S
bk10g06u,       (2010 GU6),Y,N,0.0954474,0.6794564941830454,2.684075299763968,0.8603629064630356,10.32859827368118,0.252,0.147,APO,20.7,C
bk10g07a,       (2010 GA7),Y,N,0.162444,0.3890705194618636,0.9126191955561213,0.5575459710702331,30.00283118973319,0.151,0.256,ATE,21.3,S
bk10g07h,       (2010 GH7),Y,N,0.000999901,0.2997113294714902,1.40020662722943,0.9805488374477062,3.537319183250137,0.008,0.326,APO,27.3,S
bk10g07s,       (2010 GS7),Y,Y,0.043404,0.6603124274346193,2.689720932482516,0.913664774433278,9.132652905659205,0.203,0.107,APO,21.5,C
bk10g07t,       (2010 GT7),Y,Y,0.0289527,0.6847343993748968,2.721362788484095,0.8579520740302441,9.216001876935644,0.216,0.326,APO,20.2,S
bk10g21u,       (2010 GU21),Y,Y,0.0109414,0.5634630143479012,2.17967314573669,0.9515079447467224,3.189607719341302,0.51,0.025,APO,21.1,C
bk10g23k,       (2010 GK23),Y,N,0.0966907,0.6768736960468382,2.698425726813886,0.8719323315974953,34.88407982762793,0.277,0.303,APO,19.7,S
bk10g23l,       (2010 GL23),Y,N,0.0638898,0.3658389258201207,1.154942979178333,0.7324198802922414,7.198282937082702,0.092,0.159,APO,22.8,S
bk10g23x,       (2010 GX23),Y,N,0.0279564,0.4516297020566671,1.483618281295272,0.813572198948064,1.915311933963886,0.06,0.334,APO,23.0,M
bk10g25f,       (2010 GF25),Y,N,0.398762,0.7366787359377969,1.421604611183915,0.3743387232136054,38.49296944439001,1.127,0.018,APO,19.1,C
bk10g33o,       (2010 GO33),Y,N,0.193292,0.6986590909633724,2.410549858277267,0.7263972855713854,19.12841867523487,0.313,0.377,APO,19.2,M
bk10g62w,       (2010 GW62),Y,N,0.440436,0.5756358928007154,1.269767686494652,0.5388438306298042,32.43662475609581,0.285,0.378,APO,19.5,M
bk10g65h,       (2010 GH65),Y,N,0.146132,0.6113261062313539,2.705111880057119,1.051406367501623,21.04869578441209,0.493,0.241,AMO,18.7,S
bk10g67p,       (2010 GP67),Y,N,0.0168408,0.1072709551028299,1.114065557799977,0.9945586813676068,13.27152658302662,0.251,0.034,APO,22.5,C
bk10g75q,       (2010 GQ75),Y,N,0.616031,0.8603394085722409,2.444371512546812,0.3413823711114539,43.33530613130851,0.372,0.106,APO,20.2,C
bk10g75r,       (2010 GR75),Y,N,0.298715,0.6360244463274699,1.726997567033871,0.6285848956522655,17.79536014107925,0.277,0.334,APO,19.6,M
bk10ge7v,       (2010 GV147),Y,N,0.316619,0.660216587423652,0.9588202932583776,0.3257912312907864,44.05107444632896,2.055,0.018,ATE,18.5,C
bk10h00a,       (2010 HA),Y,N,0.0333042,0.1958678189409215,0.9597984212692644,0.7718047978723137,2.182818204158033,0.032,0.482,ATE,23.9,M
bk10h00c,       (2010 HC),Y,N,0.0916839,0.5210065378253781,2.128104570286974,1.019348175991394,6.881698062588765,0.128,0.328,AMO,21.3,S
bk10h20v,       (2010 HV20),Y,N,0.0896375,0.7890969526835938,2.620219100116805,0.5526121928512858,6.453941809519934,0.465,0.016,APO,21.9,C
bk10h33d,       (2010 HD33),Y,N,0.369605,0.5159643040498607,2.61782554113442,1.267121007679049,24.43212954094432,0.563,0.267,AMO,18.3,S
bk10h81w,       (2010 HW81),Y,N,0.118074,0.7335935764707143,1.219655812233247,0.3249241428737652,12.88619574597343,0.352,0.039,APO,21.4,C
bk10ha4z,       (2010 HZ104),Y,N,0.030472,0.5676257949271007,2.248717345717514,0.9722873747882502,20.24792066386066,0.14,0.09,APO,22.5,C
bk10ha7x,       (2010 HX107),Y,N,0.0134029,0.3004318782659677,0.8010279307175621,0.5603736049485835,3.364850020444671,0.064,0.187,ATE,23.6,S
bk10j00e,       (2010 JE),Y,N,0.105484,0.6573851405023756,2.774172786672862,0.9504728195280556,13.90054083021575,0.406,0.09,APO,20.2,C
bk10j00g,       (2010 JG),Y,Y,0.0287585,0.3197165645560932,1.19021639423984,0.8096844975951377,23.30843106764432,0.192,0.209,APO,20.9,S
bk10j03h,       (2010 JH3),Y,N,0.0184924,0.4701978063103474,1.756874447281395,0.930795936206979,19.76466025426824,0.039,0.087,APO,25.3,C
bk10j03j,       (2010 JJ3),Y,N,0.0215351,0.5760962276988973,2.235959376469025,0.947831614397241,2.404711742051469,0.032,0.609,APO,23.6,M
bk10j33k,       (2010 JK33),Y,Y,0.0250335,0.6102238633872006,2.231379553179558,0.8697385015551227,4.0423132523754,0.208,0.148,APO,21.2,S
bk10j33n,       (2010 JN33),Y,N,0.255141,0.2876935379780511,1.554469852144641,1.107258920700931,53.14833495128282,0.286,0.086,AMO,20.5,C
bk10j34v,       (2010 JV34),Y,Y,0.038543,0.5441326355543157,1.722953373602499,0.7854382134869716,7.209865711238126,0.226,0.165,APO,20.8,S
bk10j35a,       (2010 JA35),Y,N,0.225227,0.5763595897340255,2.159208013556496,0.914727768712654,29.01394430747336,0.309,0.107,APO,20.4,C
bk10j39w,       (2010 JW39),Y,N,0.0229125,0.3900913034170239,1.63727795401884,0.9985900628796728,3.00250035203455,0.039,0.187,APO,24.5,S
bk10j41l,       (2010 JL41),Y,N,0.125966,0.6657082138877468,1.726796034584357,0.577253730652761,7.570405457705531,0.359,0.073,APO,20.6,C
bk10j71n,       (2010 JN71),Y,Y,0.0301849,0.588807484606638,2.38409712380822,0.9803228932807816,17.7195833596105,0.214,0.106,APO,21.4,C
bk10j71o,       (2010 JO71),Y,N,0.0461408,0.3868414306528596,1.171988492592045,0.7186147874090502,6.005688466208085,0.037,0.349,APO,23.9,M
bk10j87f,       (2010 JF87),Y,N,0.0537385,0.6208160464938856,2.435471415810897,0.92349168009831,24.93025011964755,0.945,0.041,APO,19.2,C
bk10j87g,       (2010 JG87),Y,N,0.211346,0.9475251760700178,2.766943868819482,0.1451948923404459,16.84026605363755,0.408,0.202,APO,19.2,S
bk10j87h,       (2010 JH87),Y,N,0.222626,0.5401331641655894,1.537309323238891,0.7069575741766081,43.76214040505008,0.428,0.127,APO,19.6,C
bk10jf1m,       (2010 JM151),Y,N,0.111793,0.4811746717997952,1.698443396870071,0.8811954528105856,16.65023922214153,0.543,0.086,APO,19.7,C
bk10k00h,       (2010 KH),Y,N,0.379362,0.5469426354864464,2.769556834952222,1.254768120513952,14.57093347860006,0.645,0.029,AMO,19.4,C
bk10k07u,       (2010 KU7),Y,N,0.0500727,0.3808337622770633,1.665357021360197,1.03113284138107,6.752509373432181,0.102,0.224,AMO,22.2,S
bk10k07v,       (2010 KV7),Y,N,0.00125259,0.218541730910739,1.214105985758994,0.9487731621221344,0.3144854601972688,0.013,0.397,APO,26.0,M
bk10k08a,       (2010 KA8),Y,N,0.0965387,0.433717345400163,1.620480687613492,0.9176501055095372,10.11829816191581,0.183,0.147,APO,21.4,C
bk10k10p,       (2010 KP10),Y,N,0.0608038,0.1660948111168488,1.131184005263084,0.9433002115705116,16.19422031736707,0.087,0.101,APO,23.4,C
bk10k39y,       (2010 KY39),Y,N,0.302917,0.398615984738065,1.740361884286769,1.046625817981204,25.50933558678226,0.685,0.029,AMO,20.1,C
bk10k61b,       (2010 KB61),Y,Y,0.0496883,0.233750535807892,1.274873908079052,0.9768714489780724,44.59875388604336,0.417,0.065,APO,20.5,C
bk10kc7k,       (2010 KK127),Y,N,0.277447,0.4255801820095556,2.229866168550526,1.280879318681843,6.968501978062427,0.501,0.034,AMO,20.7,C
bk10l14h,       (2010 LH14),Y,N,0.0547628,0.5740184995696909,2.199121542611613,0.9367850943503112,4.664686163255844,0.101,0.274,APO,22.0,S
bk10l33q,       (2010 LQ33),Y,N,0.226693,0.459408738406256,2.269717294357479,1.226989335617849,24.63538658311837,0.872,0.04,AMO,19.4,C
bk10l34k,       (2010 LK34),Y,Y,0.00827844,0.8072424516217424,1.830857177311006,0.3529115409292064,5.325102171563368,0.108,0.271,APO,21.9,S
bk10l61j,       (2010 LJ61),Y,N,0.0537553,0.4729439988644051,1.072691072834594,0.5653682673020526,10.18953399834677,0.192,0.208,APO,20.9,S
bk10l61k,       (2010 LK61),Y,N,0.0971996,0.5779041313557931,1.666511313740832,0.7034275405788349,22.70706721216951,0.191,0.084,APO,21.9,C
bk10l63z,       (2010 LZ63),Y,Y,0.0131625,0.7654549896641221,1.923488205164094,0.4511445609611517,13.95341478600738,0.877,0.021,APO,20.1,C
bk10l64b,       (2010 LB64),Y,N,0.0547632,0.2160508500318745,1.354988197466859,1.062241845620987,51.72091135673291,0.088,0.477,AMO,21.7,M
bk10l64g,       (2010 LG64),Y,N,0.0600965,0.6046693223840558,2.680220247966544,1.059573286788588,42.07611438745828,0.94,0.015,AMO,20.2,C
bk10l68j,       (2010 LJ68),Y,N,0.0322953,0.4538371468008742,1.771456553540098,0.9675037655997502,17.13177176989959,0.193,0.039,APO,22.7,C
bk10l68k,       (2010 LK68),Y,N,0.0255248,0.4733176199073617,1.168601604025542,0.6154818741882475,21.90142755301061,0.236,0.032,APO,22.5,C
bk10l68l,       (2010 LL68),Y,N,0.138993,0.5247697667417642,2.072311332220595,0.9848249977948784,10.49003970249266,0.153,0.063,APO,22.9,C
bk10l97o,       (2010 LO97),Y,N,0.224872,0.5283122378097665,2.575593084261817,1.214875738228098,21.70300622165915,1.629,0.02,AMO,18.7,C
bk10la8u,       (2010 LU108),Y,N,0.125581,0.8182534573984808,2.240698474163387,0.4072392006916952,9.495774768476236,0.825,0.026,APO,20.0,C
bk10la8v,       (2010 LV108),Y,N,0.0202553,0.6513047777971247,2.741005863114359,0.9557756484980452,4.402874818651165,0.234,0.029,APO,22.6,C
bk10ld4u,       (2010 LU134),Y,N,0.14505,0.5458443262217748,1.89706320212933,0.8615620167629231,27.37123235581733,0.317,0.443,APO,19.6,M
bk10m01g,       (2010 MG1),Y,N,0.0357697,0.5097362919253786,1.984207802995866,0.9727850750873512,6.586610168266747,0.053,0.301,APO,23.3,S
bk10m01p,       (2010 MP1),Y,N,0.0569337,0.4873836802847321,0.8551017511999011,0.438339112682174,22.64270373027779,0.104,0.518,ATE,21.4,M
bk10m01y,       (2010 MY1),Y,N,0.0164308,0.2110946795717968,1.214413765092607,0.9580574804828036,9.697434556380152,0.043,0.265,APO,23.9,S
bk10mb1u,       (2010 MU111),Y,N,0.0610051,0.6134424653927745,2.390861533966796,0.9242055401574542,41.55125888910167,1.947,0.015,APO,18.7,C
bk10mb2u,       (2010 MU112),Y,Y,0.000803608,0.5398480076961046,1.75618460953483,0.8081118469308906,48.03457296537179,0.599,0.028,APO,20.7,C
bk10n00a,       (2010 NA),Y,N,0.100763,0.654109949474367,1.723351597286802,0.5960901710589624,6.388686245774795,0.32,0.109,APO,20.6,C
bk10n01g,       (2010 NG1),Y,N,0.0810601,0.3326519594189412,0.8491420963163426,0.5666733141516039,24.74202244110324,0.229,0.142,ATE,20.4,C
bk10n01k,       (2010 NK1),Y,N,0.010685,0.1837201093393774,1.014609999058887,0.8282057390949624,14.76372614555016,0.219,0.04,APO,22.4,C
bk10n01u,       (2010 NU1),Y,N,0.335406,0.7971292978259154,2.375872057825649,0.4819948326468769,34.49706998866294,0.286,0.072,APO,21.1,C
bk10n02b,       (2010 NB2),Y,N,0.103115,0.7611660821196492,2.084678390292558,0.4978919074740746,28.67612321965548,0.21,0.303,APO,20.1,S
bk10o00c,       (2010 OC),Y,N,0.0786257,0.633492513027368,2.881351363172216,1.056036847201417,12.75178730210093,0.344,0.342,AMO,19.1,M
bk10o01p,       (2010 OP1),Y,N,0.260378,0.6180068427162317,2.781288721382121,1.062433259998491,18.44268699080114,1.188,0.025,AMO,19.3,C
bk10o01q,       (2010 OQ1),Y,N,0.185148,0.5482051397190837,2.145659094833283,0.9693977509606804,18.88584658965118,0.539,0.153,APO,19.0,S
bk10o22e,       (2010 OE22),Y,N,0.176299,0.6334108088068711,2.636173466130689,0.9663926987936368,14.32131882685719,0.174,0.176,APO,21.3,S
bk10oa0l,       (2010 OL100),Y,N,0.130019,0.6538576707395438,2.261380585474483,0.7827595432005117,22.20267214601393,0.308,0.246,APO,19.6,S
bk10oa1c,       (2010 OC101),Y,N,0.0914856,0.2273955388181921,1.221603735017313,0.9438164954707352,13.6019769220112,0.148,0.384,APO,20.7,M
bk10oa1d,       (2010 OD101),Y,N,0.189694,0.358220371798952,1.618545423500453,1.038749480120629,15.39369694951855,0.198,0.217,AMO,20.7,S
bk10oa1f,       (2010 OF101),Y,N,0.061585,0.3251475635977284,0.9509488842585792,0.641750171435924,23.37316226456015,0.303,0.231,ATE,19.6,S
bk10oa1l,       (2010 OL101),Y,N,0.295899,0.5980464006462776,2.609184478546543,1.048771092529648,26.111357848804,0.195,0.321,AMO,20.4,S
bk10oa1n,       (2010 ON101),Y,Y,0.0449427,0.4089962292594377,1.629107947950075,0.9628089401819137,9.30672017483734,0.238,0.225,APO,20.2,S
bk10oc6h,       (2010 OH126),Y,N,0.0663987,0.4982809535849688,1.889902430914469,0.9482000454558565,14.32333900273276,0.218,0.103,APO,21.4,C
bk10oc6k,       (2010 OK126),Y,N,0.147633,0.4466178769243193,1.955638397529481,1.082215328393186,52.57126618055889,0.854,0.013,AMO,20.6,C
bk10p09k,       (2010 PK9),Y,Y,0.0160944,0.6758647855973007,0.6820991436904377,0.2210923521839976,12.5937477962068,0.143,0.138,ATE,21.8,C
bk10p58w,       (2010 PW58),Y,Y,0.0214845,0.2117576170922935,0.8886456737261909,0.700468183418557,14.2352936316362,0.213,0.118,ATE,21.7,C
bk10p66u,       (2010 PU66),Y,N,0.147913,0.3902282072653762,1.485929021046073,0.9060776030396684,18.09352154526482,0.18,0.079,APO,22.3,C
bk10p75y,       (2010 PY75),Y,N,0.249061,0.7752981387930504,2.657253062844575,0.5970897089190433,31.51280825740096,0.758,0.102,APO,18.7,C
bk10q02e,       (2010 QE2),Y,N,0.0546387,0.7387764982322684,3.374399533733182,0.8814724625651825,64.71179220427518,2.156,0.05,APO,17.3,C
bk10q02g,       (2010 QG2),Y,N,0.00159614,0.5176368730108193,1.674712115348541,0.8078193727661879,4.696692363232867,0.038,0.228,APO,24.3,S
bk10q05a,       (2010 QA5),Y,N,0.0680415,0.6327532789886524,2.918391226786798,1.071769608665736,33.42732949780927,0.35,0.014,AMO,22.5,C
bk10r53j,       (2010 RJ53),Y,N,0.0205755,0.4073392054351071,1.065924917496117,0.6317319085497664,28.45248989818658,0.774,0.01,APO,24.0,C
bk10t04n,       (2010 TN4),Y,N,0.00960122,0.4349974574322557,1.724665885274889,0.974440610260162,3.029741156020344,0.018,0.062,APO,27.5,C
bk10t07k,       (2010 TK7),Y,N,0.0845024,0.1904803344899695,0.9992730554702266,0.808931189617444,20.8979273473208,0.379,0.059,ATE,20.8,C
bk10te9u,       (2010 TU149),Y,Y,0.0114842,0.8281860079850905,2.201398985384197,0.3782311476964304,1.971516034698949,0.603,0.025,APO,20.7,C
bk10u06y,       (2010 UY6),Y,Y,0.0408825,0.615860424626887,2.651614843249806,1.018590199939024,19.86336850187285,0.712,0.03,AMO,20.1,C
bk10u07c,       (2010 UC7),Y,N,0.00425412,0.567270919960296,1.883712088064142,0.8151369989276661,5.18236658953334,0.043,0.129,APO,24.7,C
bk10u08b,       (2010 UB8),Y,N,0.226259,0.6174308993436117,2.996223289963742,1.146262449407154,31.11787964871305,1.122,0.032,AMO,19.5,C
bk10v00z,       (2010 VZ),Y,Y,0.0433329,0.5921553363271047,2.444688555682941,0.9970531817774854,8.463124491664663,0.38,0.194,APO,19.3,S
bk10v11t,       (2010 VT11),Y,Y,0.0121703,0.611395934741301,1.75425182834529,0.6817093919824851,2.479083005502471,0.152,0.189,APO,21.5,S
bk10v72d,       (2010 VD72),Y,Y,0.0139873,0.1812152131255284,0.9183660981364122,0.7519441899353623,19.19365128011496,0.124,0.29,ATE,21.4,S
bk10vd9k,       (2010 VK139),Y,N,0.00725104,0.2835065966062846,0.7790801074803041,0.5582057577249047,26.94558379488361,0.055,0.196,ATE,23.7,S
bk10w00b,       (2010 WB),Y,N,0.00459009,0.2879997915404536,1.358461244074577,0.967224688965314,5.499819561696759,0.057,0.126,APO,24.1,C
bk10w09e,       (2010 WE9),Y,N,0.256024,0.2494743721081568,1.554511081328241,1.166700405378706,42.12766107644195,0.608,0.052,AMO,20.0,C
bk10x69p,       (2010 XP69),Y,Y,0.0154654,0.3426070881231103,1.523086335298538,1.001266161001807,14.59181116348,0.273,0.065,APO,21.4,C
bk10x82y,       (2010 XY82),Y,N,0.293777,0.4892554737546403,2.187597814893607,1.117303609583219,26.77874746752141,0.453,0.18,AMO,19.1,S
bk10y00d,       (2010 YD),Y,N,0.001575,0.5381989510970964,2.041940059986101,0.9429700614984396,0.4385979702134,0.026,0.06,APO,26.6,C
bk10y01c,       (2010 YC1),Y,N,0.162113,0.4130487174827154,1.414560311808551,0.8302779892140791,17.66043017028447,0.227,0.029,APO,21.3,C
bk10y03d,       (2010 YD3),Y,N,0.199017,0.5685373036100637,2.58097800044808,1.113595727396435,24.58222334298112,0.755,0.056,AMO,20.0,C
bk11a55v,       (2011 AV55),Y,N,0.02802,0.606139757674883,2.410800673628257,0.9495185375127804,17.71270353232322,0.063,0.176,APO,23.5,S
bk11b24y,       (2011 BY24),Y,N,0.015639,0.4933430245826118,1.891691269465651,0.958438577010946,13.95986214367612,0.195,0.042,APO,22.6,C
bk11b59n,       (2011 BN59),Y,N,0.321911,0.622971946756074,3.058938221109665,1.153305522498415,20.3462745858787,0.994,0.013,AMO,20.4,C
bk12c17c,       (2012 CC17),Y,N,0.112005,0.3642344245553716,1.621512832484105,1.030902039035107,11.80418289477442,0.231,0.208,AMO,20.5,S
bk13w44t,       (2013 WT44),Y,Y,0.032782,0.5682229780382319,2.259573828543835,0.975632058591408,12.20643101438176,0.653,0.079,APO,19.4,C
bk13w44u,       (2013 WU44),Y,N,0.144523,0.3900172406458013,1.515858046620049,0.9246472740665632,17.86649024166136,0.286,0.086,APO,21.0,C
bk13yd9p,       (2013 YP139),Y,Y,0.00398838,0.682871864565345,2.399034559382637,0.7608013566603148,0.8169518907808768,0.402,0.025,APO,21.6,C
bk14a33a,       (2014 AA33),Y,N,0.265201,0.6620583937266329,2.887169602104878,0.9756947329189608,20.07863114251678,0.787,0.054,APO,19.2,C
bk14a46q,       (2014 AQ46),Y,N,0.215715,0.5289135169890716,2.420624123880195,1.140323305210131,24.6651501639581,0.585,0.047,AMO,20.1,C
bk14a53a,       (2014 AA53),Y,N,0.140024,0.6713411170732339,2.373870895218068,0.7801937566347326,12.44437250853162,0.698,0.044,APO,19.8,C
bk14b60g,       (2014 BG60),Y,N,0.225599,0.6133432895713142,3.028366520899112,1.170938236943214,8.61296461302921,0.675,0.035,AMO,20.1,C
bk14b63e,       (2014 BE63),Y,N,0.133265,0.6457079161020723,2.115447384243713,0.7494862621401251,8.592928603350526,0.36,0.01,APO,23.2,C
bk14c04y,       (2014 CY4),Y,Y,0.0434893,0.8185224405808381,2.652519099028889,0.4813726924044771,15.02123390777217,0.574,0.019,APO,21.1,C
bk14d10c,       (2014 DC10),Y,N,0.0585833,0.6581738020862411,2.838995079503789,0.9704428939226498,13.47670038037977,0.889,0.02,APO,20.0,C
bk14e45n,       (2014 EN45),Y,N,0.155731,0.5674623519165797,2.43997500302537,1.05538104919093,14.02335328731647,0.372,0.042,AMO,21.2,C
bk14e48z,       (2014 EZ48),Y,N,0.263973,0.5642230356374592,2.255142449896153,0.982739131020849,25.50765869255137,0.453,0.26,APO,18.8,S
bk14e49q,       (2014 EQ49),Y,Y,0.0259768,0.2067420556743339,1.147684428242064,0.910409790281877,15.15978577976589,0.379,0.023,APO,21.8,C
bk14e49r,       (2014 ER49),Y,Y,0.0132634,0.6429868021610309,2.822343193322896,1.007613768847255,13.68609957393292,0.461,0.301,APO,18.5,S
bk14h03e,       (2014 HE3),Y,N,0.0528534,0.7274713043936921,3.262597049724286,0.889151318250348,6.361759808981862,0.561,0.061,APO,19.9,C
bk14hc4q,       (2014 HQ124),Y,Y,0.0083699,0.2591181395967833,0.85076512888058,0.6303164514512266,26.37148612035508,0.325,0.291,ATE,18.9,S
bk14hc9j,       (2014 HJ129),Y,N,0.208717,0.5633940593741578,2.583817489375497,1.128110065354291,8.434891642613234,0.597,0.018,AMO,21.1,C
bk14hh7f,       (2014 HF177),Y,N,0.104478,0.5498233297008213,2.278960057749651,1.025934650542562,7.212413493586959,0.253,0.364,AMO,19.8,M
bk14j25l,       (2014 JL25),Y,N,0.0171392,0.6571933974736774,2.89628021452278,0.9928639803047626,15.76396379812457,0.228,0.021,APO,23.0,C
bk14j57h,       (2014 JH57),Y,N,0.394401,0.8750680819808161,3.33225897315645,0.4163055048530715,25.67637121801575,4.613,0.019,APO,16.1,C
bk14j57n,       (2014 JN57),Y,Y,0.0498008,0.1678133008521856,1.243179923414428,1.034557796913085,28.58585831655181,0.273,0.124,AMO,20.5,C
bk14k99x,       (2014 KX99),Y,N,0.136819,0.589556522702118,2.79882726583751,1.148760395346471,13.56376008584179,1.724,0.031,AMO,18.1,C
bk14l25q,       (2014 LQ25),Y,N,0.0981715,0.6778936936693285,2.023168060814626,0.6516751911551867,33.56001511106207,0.938,0.02,APO,20.2,C
bk14l26r,       (2014 LR26),Y,N,0.204676,0.6345954819138242,3.127552830434527,1.142821934793984,10.63018054576832,2.082,0.016,AMO,18.6,C
bk14n64c,       (2014 NC64),Y,N,0.198472,0.6366689248985472,2.181695214105624,0.7926776676846906,22.69928950959806,0.501,0.044,APO,20.2,C
bk14n64m,       (2014 NM64),Y,N,0.0517909,0.6263430411306389,2.844906849070522,1.063019241490308,28.76899170459242,0.33,0.015,AMO,22.6,C
bk14o01y,       (2014 OY1),Y,Y,0.0441995,0.6247920708621637,2.578907571737676,0.9676265694295796,23.01836819045153,0.598,0.113,APO,19.1,C
bk14o01z,       (2014 OZ1),Y,N,0.230873,0.370635339621266,1.715629221039948,1.079756402035639,18.00623420486867,0.732,0.013,AMO,21.0,C
bk14p68c,       (2014 PC68),Y,N,0.103387,0.2849734593773819,1.519266231424407,1.086315677740156,40.67671581610583,0.562,0.039,AMO,20.4,C
bk14p68f,       (2014 PF68),Y,N,0.188646,0.5853691239496314,2.861105998572305,1.186302886660999,22.56230290856337,3.33,0.01,AMO,18.2,C
bk14qh3c,       (2014 QC433),Y,N,0.219192,0.5288405150001813,2.368798037390636,1.116081663365554,14.52625952229108,2.009,0.091,AMO,19.1,C
bk14qh3k,       (2014 QK433),Y,N,0.18097,0.6001856754601473,2.989501931882922,1.195245695606355,39.20823166485384,1.784,0.027,AMO,18.4,C
bk14r12h,       (2014 RH12),Y,N,0.0455111,0.5359034192540343,2.180421082506759,1.011925968977804,7.264900153541867,0.088,0.092,APO,23.5,C
bk14r12l,       (2014 RL12),Y,N,0.124061,0.6731421901587857,2.763127657783263,0.9031498545347216,23.76816419338037,0.694,0.254,APO,17.9,S
bk14t57w,       (2014 TW57),Y,N,0.0611791,0.73793054181088,2.172324831983722,0.569299991728745,6.74747278529096,0.469,0.073,APO,19.6,C
bk14t64j,       (2014 TJ64),Y,N,0.143393,0.6034765607312803,2.612640043424773,1.035973015589968,14.77412994536682,0.519,0.02,AMO,21.2,C
bk14uh6g,       (2014 UG176),Y,N,0.161011,0.7156540297160873,2.753971288613832,0.7830806381949375,16.37192327378125,0.421,0.025,APO,21.5,C
bk14uk6f,       (2014 UF206),Y,N,0.137568,0.5420964405666696,2.428449469525374,1.111995655999652,48.10739071023856,1.387,0.02,AMO,18.8,C
bk14ul0h,       (2014 UH210),Y,N,0.100118,0.6544039152143114,2.563217636682024,0.8858379796909331,22.0566922152892,0.404,0.039,APO,21.1,C
bk14v35p,       (2014 VP35),Y,N,0.0265468,0.3486495123558102,1.465537873110026,0.9545788083112442,9.173810995081745,0.122,0.099,APO,23.3,C
bk14w70j,       (2014 WJ70),Y,N,0.281196,0.6056898401982206,3.201939564448829,1.262557301333458,10.11504789015123,2.923,0.019,AMO,17.7,C
bk14x07q,       (2014 XQ7),Y,N,0.311668,0.748728869324196,2.6181649964919,0.6578692789643321,30.97266033462523,0.651,0.024,APO,20.6,C
bk14x07x,       (2014 XX7),Y,N,0.200159,0.5928609151894847,2.911747635861477,1.185486267663823,36.63318839485581,1.198,0.015,AMO,19.5,C
bk14x31x,       (2014 XX31),Y,N,0.475181,0.872297427091028,2.817492566440275,0.3598010498863259,35.85750701936259,1.349,0.089,APO,17.5,C
